元ファイル,キャビティ厚み,射出率 [㎤/s],樹脂粘度η(Pa・s),せん断速度γ(1/s),流動中樹脂温度T(℃),流動中樹脂圧力P(Pa)
001_190℃_020_0.5mm.csv,0.5,10.62,61.15702225,3106.049401,189.8478791,13697235.7
002_190℃_020_0.5mm.csv,0.5,10.62,61.59466804,3108.348135,189.8684522,13802552.85
003_190℃_020_0.5mm.csv,0.5,10.62,63.14093186,3045.906157,189.9256322,13862931.06
004_190℃_020_0.5mm.csv,0.5,10.62,62.92078583,3050.330452,189.8772091,13835496.15
005_190℃_020_0.5mm.csv,0.5,10.62,62.74114287,3063.680794,189.8958877,13855537.93
006_190℃_020_0.5mm.csv,0.5,10.62,63.1451342,3050.995206,190.0399339,13886075.17
007_190℃_020_0.5mm.csv,0.5,10.62,61.92317899,3072.196621,190.0686387,13716896.59
008_190℃_020_0.5mm.csv,0.5,10.62,62.87477515,3048.780488,189.9896898,13818733.49
009_190℃_020_0.5mm.csv,0.5,10.62,63.03622296,3038.634062,189.9040552,13808197.43
010_190℃_020_0.5mm.csv,0.5,10.62,64.18832416,3003.003003,189.9363091,13893322.12
011_190℃_040_0.5mm.csv,0.5,21.24,35.57833347,5034.160374,189.9828457,12937506.56
012_190℃_040_0.5mm.csv,0.5,21.24,36.66414502,4960.434629,190.0480504,13131500.92
013_190℃_040_0.5mm.csv,0.5,21.24,36.23205991,4985.163205,190.111238,13043902.46
014_190℃_040_0.5mm.csv,0.5,21.24,36.43852905,4958.092315,190.0378491,13046831.18
015_190℃_040_0.5mm.csv,0.5,21.24,36.24033802,4968.062456,190.092835,13003797.34
016_190℃_040_0.5mm.csv,0.5,21.24,35.36198725,5038.992202,190.1295151,12873640.82
017_190℃_040_0.5mm.csv,0.5,21.24,36.69382089,4931.313843,190.0604562,13066764.63
018_190℃_040_0.5mm.csv,0.5,21.24,35.35300758,5028.735632,189.9416839,12844727.85
019_190℃_040_0.5mm.csv,0.5,21.24,36.31390283,4954.582989,189.8794477,12994609.9
020_190℃_040_0.5mm.csv,0.5,21.24,35.27074604,5048.683736,189.8215806,12865610.58
021_190℃_080_0.5mm.csv,0.5,42.48,15.469329,10810.81081,198.4371558,12106855.84
022_190℃_080_0.5mm.csv,0.5,42.48,16.12463774,10550.11304,198.6376861,12308827.07
023_190℃_080_0.5mm.csv,0.5,42.48,15.78910135,10673.44346,198.7656855,12196719.06
024_190℃_080_0.5mm.csv,0.5,42.48,15.25823568,10892.11618,198.3724882,12033867.83
025_190℃_080_0.5mm.csv,0.5,42.48,16.18549196,10536.87908,198.6792126,12338647.94
026_190℃_080_0.5mm.csv,0.5,42.48,15.12727014,10937.5,198.5152282,11982526.45
027_190℃_080_0.5mm.csv,0.5,42.48,16.1099607,10571.35666,198.4860282,12322036.41
028_190℃_080_0.5mm.csv,0.5,42.48,16.12263964,10558.06938,198.5899994,12315781.18
029_190℃_080_0.5mm.csv,0.5,42.48,15.54422515,10785.82435,198.4521119,12136453.66
030_190℃_080_0.5mm.csv,0.5,42.48,15.70143842,10719.75498,198.3500677,12182944.47
031_190℃_120_0.5mm.csv,0.5,63.72,11.37762884,14497.7563,211.6116061,11947840.67
032_190℃_120_0.5mm.csv,0.5,63.72,11.35511357,14418.12564,213.4053428,11860675.04
033_190℃_120_0.5mm.csv,0.5,63.72,10.91952187,14736.84211,214.3174728,11665062.6
034_190℃_120_0.5mm.csv,0.5,63.72,10.7729959,14893.61702,214.5233391,11632012.75
035_190℃_120_0.5mm.csv,0.5,63.72,10.98053538,14920.07105,214.5982576,11869174.21
036_190℃_120_0.5mm.csv,0.5,63.72,11.14995073,14721.34595,214.8893533,11891089.95
037_190℃_120_0.5mm.csv,0.5,63.72,11.39597633,14452.85616,214.6828121,11929794.62
038_190℃_120_0.5mm.csv,0.5,63.72,11.3570822,14492.75362,214.9302897,11923080.99
039_190℃_120_0.5mm.csv,0.5,63.72,10.76308148,14893.61702,214.6601621,11622422.44
040_190℃_120_0.5mm.csv,0.5,63.72,10.76737887,15021.45923,214.6416625,11723321.55
041_190℃_160_0.5mm.csv,0.5,84.96,8.997765337,18850.98743,215.9667699,12273231.6
042_190℃_160_0.5mm.csv,0.5,84.96,8.983987717,18708.24053,215.9527616,12166778.7
043_190℃_160_0.5mm.csv,0.5,84.96,8.807966931,19073.56948,216.1369149,12160094.14
044_190℃_160_0.5mm.csv,0.5,84.96,8.900712088,18783.54204,215.8932334,12103443.74
045_190℃_160_0.5mm.csv,0.5,84.96,8.885717815,18842.53028,216.0020534,12121339.94
046_190℃_160_0.5mm.csv,0.5,84.96,8.714795839,19073.56948,216.1358621,12036512.92
047_190℃_160_0.5mm.csv,0.5,84.96,9.000264843,18534.8632,216.2122562,12078136.96
048_190℃_160_0.5mm.csv,0.5,84.96,8.878916791,18800.3581,216.1181976,12086300.6
049_190℃_160_0.5mm.csv,0.5,84.96,8.828928602,18987.34177,215.8859787,12136627.2
050_190℃_160_0.5mm.csv,0.5,84.96,8.899668538,18783.54204,216.1732083,12103172.54
051_190℃_200_0.5mm.csv,0.5,106.2,8.834416193,18641.81092,215.736998,11929582.25
052_190℃_200_0.5mm.csv,0.5,106.2,8.767314553,18834.08072,216.2079533,11960103.76
053_190℃_200_0.5mm.csv,0.5,106.2,8.786279299,18724.92198,216.2064681,11917488.67
054_190℃_200_0.5mm.csv,0.5,106.2,8.694616642,18876.40449,216.3800564,11889625.37
055_190℃_200_0.5mm.csv,0.5,106.2,8.658126087,19013.12811,216.2604689,11924929.15
056_190℃_200_0.5mm.csv,0.5,106.2,8.782674969,18724.92198,216.4039308,11912357.8
057_190℃_200_0.5mm.csv,0.5,106.2,8.916933736,18477.78267,216.3934636,11933720.59
058_190℃_200_0.5mm.csv,0.5,106.2,8.876648824,18477.78267,216.3360051,11881867.08
059_190℃_200_0.5mm.csv,0.5,106.2,8.760540615,18716.57754,216.3240815,11879406.48
060_190℃_200_0.5mm.csv,0.5,106.2,8.721246826,18791.94631,216.3945067,11873424.33
061_190℃_240_0.5mm.csv,0.5,127.44,8.84573555,18600.53144,216.0765205,11918999.84
062_190℃_240_0.5mm.csv,0.5,127.44,8.915273043,18641.81092,216.230751,12034529.67
063_190℃_240_0.5mm.csv,0.5,127.44,8.857831683,18766.75603,216.3131597,12037989.43
064_190℃_240_0.5mm.csv,0.5,127.44,8.557443266,18995.92944,216.3537981,11778978.2
065_190℃_240_0.5mm.csv,0.5,127.44,8.443505116,19274.89674,216.5261891,11793508.19
066_190℃_240_0.5mm.csv,0.5,127.44,8.80494047,18825.63873,216.3534153,12004330.54
067_190℃_240_0.5mm.csv,0.5,127.44,8.730548098,19004.52489,216.5296675,12015075.27
068_190℃_240_0.5mm.csv,0.5,127.44,8.639665758,19047.61905,216.653068,11920578.77
069_190℃_240_0.5mm.csv,0.5,127.44,8.620703119,19030.35795,216.3505065,11883973.45
070_190℃_240_0.5mm.csv,0.5,127.44,8.666325671,19064.91148,216.6165402,11966275.94
071_190℃_280_0.5mm.csv,0.5,148.68,8.893298317,18650.08881,216.0113941,12010738.97
072_190℃_280_0.5mm.csv,0.5,148.68,9.102940082,18364.66987,216.0299687,12103055.59
073_190℃_280_0.5mm.csv,0.5,148.68,8.885723098,18617.02128,216.0481494,11980145.98
074_190℃_280_0.5mm.csv,0.5,148.68,8.816303452,18641.81092,216.193764,11904773.4
075_190℃_280_0.5mm.csv,0.5,148.68,8.609755813,19021.73913,216.0984126,11865714.19
076_190℃_280_0.5mm.csv,0.5,148.68,8.969961529,18526.68725,216.1537469,12034654.54
077_190℃_280_0.5mm.csv,0.5,148.68,8.725755575,18766.75603,216.0716439,11864135.2
078_190℃_280_0.5mm.csv,0.5,148.68,8.644434166,18783.54204,215.8524843,11766715.11
079_190℃_280_0.5mm.csv,0.5,148.68,8.80701856,18775.14528,216.4266027,11975175.19
080_190℃_280_0.5mm.csv,0.5,148.68,8.800495898,18733.27386,216.1625688,11941278.01
081_190℃_320_0.5mm.csv,0.5,169.92,8.946367489,18551.23675,215.1301708,12019104.65
082_190℃_320_0.5mm.csv,0.5,169.92,8.984853151,18494.05548,215.3516814,12032022.78
083_190℃_320_0.5mm.csv,0.5,169.92,8.95886254,18510.35699,215.4943537,12009237.88
084_190℃_320_0.5mm.csv,0.5,169.92,9.154170163,18237.08207,215.9292196,12087513.49
085_190℃_320_0.5mm.csv,0.5,169.92,8.981211024,18412.97676,215.9501078,11976773.52
086_190℃_320_0.5mm.csv,0.5,169.92,8.80521189,18733.27386,216.0256488,11946855.98
087_190℃_320_0.5mm.csv,0.5,169.92,8.794104319,18791.94631,215.8708862,11968241.48
088_190℃_320_0.5mm.csv,0.5,169.92,8.997870223,18437.22564,216.0610994,12014574.21
089_190℃_320_0.5mm.csv,0.5,169.92,8.55971697,18944.51962,216.1005341,11752287.19
090_190℃_320_0.5mm.csv,0.5,169.92,8.777083136,18716.57754,216.0766778,11900456.41
001_210℃_020_0.5mm.csv,0.5,10.62,89.58338221,2175.714878,194.1963843,14043669.79
002_210℃_020_0.5mm.csv,0.5,10.62,90.99227551,2157.05408,194.251071,14139304.29
003_210℃_020_0.5mm.csv,0.5,10.62,90.29490665,2162.607487,194.3047819,14069151.27
004_210℃_020_0.5mm.csv,0.5,10.62,89.15548569,2179.327522,194.0327522,14001152.16
005_210℃_020_0.5mm.csv,0.5,10.62,90.43451521,2160.938465,193.9060584,14079994.2
006_210℃_020_0.5mm.csv,0.5,10.62,89.51735516,2171.55266,193.8561164,14007499.02
007_210℃_020_0.5mm.csv,0.5,10.62,88.68561486,2180.006229,193.6951685,13933604.83
008_210℃_020_0.5mm.csv,0.5,10.62,90.82860219,2159.383033,193.3580184,14129628.02
009_210℃_020_0.5mm.csv,0.5,10.62,89.42645542,2174.926208,193.2726954,14014773.25
010_210℃_020_0.5mm.csv,0.5,10.62,88.76474788,2184.655397,193.093582,13974431.5
011_210℃_040_0.5mm.csv,0.5,21.24,33.43976014,4890.544946,202.9630672,11848085.5
012_210℃_040_0.5mm.csv,0.5,21.24,32.84207077,4942.339374,202.9705645,11762695.15
013_210℃_040_0.5mm.csv,0.5,21.24,32.81633264,4941.757854,203.0544828,11751994.86
014_210℃_040_0.5mm.csv,0.5,21.24,33.19678612,4923.221193,203.0434261,11840512.89
015_210℃_040_0.5mm.csv,0.5,21.24,33.22087595,4912.855305,203.0596366,11824718.9
016_210℃_040_0.5mm.csv,0.5,21.24,33.04106884,4928.420559,203.0573077,11799285.16
017_210℃_040_0.5mm.csv,0.5,21.24,32.74706239,4946.996466,203.0903918,11740541.7
018_210℃_040_0.5mm.csv,0.5,21.24,33.06069296,4924.37566,203.0930957,11796544.08
019_210℃_040_0.5mm.csv,0.5,21.24,32.43176737,4981.024668,203.0661081,11708405.76
020_210℃_040_0.5mm.csv,0.5,21.24,32.78730126,4944.084756,203.1010663,11747302.84
021_210℃_080_0.5mm.csv,0.5,42.48,14.12959722,10903.42679,212.4133439,11185477.74
022_210℃_080_0.5mm.csv,0.5,42.48,14.42977431,10760.95311,212.3581281,11270393.88
023_210℃_080_0.5mm.csv,0.5,42.48,14.01585967,10934.65243,212.4328465,11128459.67
024_210℃_080_0.5mm.csv,0.5,42.48,14.06112861,10914.76091,212.3686096,11144019.85
025_210℃_080_0.5mm.csv,0.5,42.48,14.63855457,10692.46436,212.4442292,11356594.56
026_210℃_080_0.5mm.csv,0.5,42.48,14.50268438,10741.68798,212.4210057,11305777.91
027_210℃_080_0.5mm.csv,0.5,42.48,14.04387542,10931.80635,212.4644243,11147173.9
028_210℃_080_0.5mm.csv,0.5,42.48,14.81237394,10614.10159,212.4035057,11406109.3
029_210℃_080_0.5mm.csv,0.5,42.48,14.53176159,10747.18526,212.424876,11333091.53
030_210℃_080_0.5mm.csv,0.5,42.48,14.09884056,10917.59813,212.4065199,11175491.8
031_210℃_120_0.5mm.csv,0.5,63.72,10.46553468,14477.76629,229.2602592,11007017.97
032_210℃_120_0.5mm.csv,0.5,63.72,10.37740206,14603.61613,229.1998602,11009094.72
033_210℃_120_0.5mm.csv,0.5,63.72,10.35039793,14675.05241,229.3100293,11032842.32
034_210℃_120_0.5mm.csv,0.5,63.72,10.38858206,14588.39875,229.3118732,11010072.94
035_210℃_120_0.5mm.csv,0.5,63.72,10.24581245,14664.80447,229.3827864,10918340.86
036_210℃_120_0.5mm.csv,0.5,63.72,10.13250041,14888.33747,229.4555601,10960615.34
037_210℃_120_0.5mm.csv,0.5,63.72,10.25219869,14809.59097,229.3119743,11029054.89
038_210℃_120_0.5mm.csv,0.5,63.72,10.30289686,14757.55446,229.2388719,11043459.72
039_210℃_120_0.5mm.csv,0.5,63.72,10.27973872,14747.19101,229.3634027,11012182.68
040_210℃_120_0.5mm.csv,0.5,63.72,10.07770624,14814.81481,229.3704188,10851656.43
041_210℃_160_0.5mm.csv,0.5,84.96,7.968756221,19390.58172,228.5718595,11217817.18
042_210℃_160_0.5mm.csv,0.5,84.96,7.893960659,19589.55224,229.3887676,11225337.55
043_210℃_160_0.5mm.csv,0.5,84.96,7.910755383,19607.84314,230.2559314,11258563.05
044_210℃_160_0.5mm.csv,0.5,84.96,8.041154645,19444.44444,230.7737215,11346387.65
045_210℃_160_0.5mm.csv,0.5,84.96,7.795134089,19681.34958,230.8901554,11140725.78
046_210℃_160_0.5mm.csv,0.5,84.96,7.852730838,19598.69342,230.8680694,11173520.9
047_210℃_160_0.5mm.csv,0.5,84.96,7.92559383,19571.29543,230.8845721,11259397.45
048_210℃_160_0.5mm.csv,0.5,84.96,7.876186843,19672.13115,230.9159861,11247727.74
049_210℃_160_0.5mm.csv,0.5,84.96,7.688378109,19820.67013,231.0567012,11068669.45
050_210℃_160_0.5mm.csv,0.5,84.96,8.102064998,19435.44655,231.1641208,11422969.36
051_210℃_200_0.5mm.csv,0.5,106.2,7.558761426,20163.22612,231.8135603,11068984.13
052_210℃_200_0.5mm.csv,0.5,106.2,7.545795477,20270.27027,231.808128,11108607.23
053_210℃_200_0.5mm.csv,0.5,106.2,7.557422444,20202.0202,231.9304584,11088049.82
054_210℃_200_0.5mm.csv,0.5,106.2,7.697698943,19980.9705,231.6735035,11167549.34
055_210℃_200_0.5mm.csv,0.5,106.2,7.705482162,20000,231.6734545,11188078.49
056_210℃_200_0.5mm.csv,0.5,106.2,7.667668357,20009.52835,231.8192779,11139980.55
057_210℃_200_0.5mm.csv,0.5,106.2,7.728939665,19943.01994,231.8086126,11189703.57
058_210℃_200_0.5mm.csv,0.5,106.2,7.642347318,20038.16794,231.8562847,11119872.92
059_210℃_200_0.5mm.csv,0.5,106.2,7.62236306,20047.7327,231.689971,11097316.1
060_210℃_200_0.5mm.csv,0.5,106.2,7.716178627,19914.65149,231.8007504,11156589.04
061_210℃_240_0.5mm.csv,0.5,127.44,8.069908473,19151.84679,231.2969103,11219269.13
062_210℃_240_0.5mm.csv,0.5,127.44,7.868713159,19345.92354,231.6512555,11057580.28
063_210℃_240_0.5mm.csv,0.5,127.44,7.949985338,19169.32907,231.7201538,11069144.21
064_210℃_240_0.5mm.csv,0.5,127.44,7.89497406,19230.76923,231.8262276,11029301.33
065_210℃_240_0.5mm.csv,0.5,127.44,7.928289218,19292.6045,231.8682635,11107353.18
066_210℃_240_0.5mm.csv,0.5,127.44,8.14827918,18978.76186,231.9377119,11225607.44
067_210℃_240_0.5mm.csv,0.5,127.44,8.033274892,19125.68306,231.9622713,11156318.36
068_210℃_240_0.5mm.csv,0.5,127.44,7.999325092,19186.84331,231.7483031,11144888.39
069_210℃_240_0.5mm.csv,0.5,127.44,7.963253275,19310.34483,231.6295033,11165845.31
070_210℃_240_0.5mm.csv,0.5,127.44,7.928415275,19372.69373,231.6740894,11151788.72
071_210℃_280_0.5mm.csv,0.5,148.68,8.290946703,18592.29748,231.214248,11191166.59
072_210℃_280_0.5mm.csv,0.5,148.68,7.9547732,19013.12811,231.3516195,10988495.26
073_210℃_280_0.5mm.csv,0.5,148.68,8.244730544,18575.85139,231.5052728,11120867.51
074_210℃_280_0.5mm.csv,0.5,148.68,8.108904497,18750,231.6405542,11043918.33
075_210℃_280_0.5mm.csv,0.5,148.68,8.184192785,18766.75603,231.6682667,11152590.3
076_210℃_280_0.5mm.csv,0.5,148.68,7.852410301,19221.96796,231.7385561,10966378.62
077_210℃_280_0.5mm.csv,0.5,148.68,8.016112719,19056.26134,231.6938845,11093813.38
078_210℃_280_0.5mm.csv,0.5,148.68,8.0389152,19021.73913,231.65967,11104131.52
079_210℃_280_0.5mm.csv,0.5,148.68,8.029564669,18893.38731,231.757272,11020617.54
080_210℃_280_0.5mm.csv,0.5,148.68,8.080315342,18935.97836,231.7249273,11111654.92
081_210℃_320_0.5mm.csv,0.5,169.92,8.497710248,18252.93351,231.696168,11258585.78
082_210℃_320_0.5mm.csv,0.5,169.92,8.401534215,18404.90798,231.5680706,11225819.36
083_210℃_320_0.5mm.csv,0.5,169.92,8.454458235,18364.66987,231.6353916,11269906.43
084_210℃_320_0.5mm.csv,0.5,169.92,8.437919701,18340.61135,231.5347317,11233808.25
085_210℃_320_0.5mm.csv,0.5,169.92,8.103930008,18716.57754,231.6771379,11018696.33
086_210℃_320_0.5mm.csv,0.5,169.92,7.983022245,19073.56948,231.5608355,11058839.25
087_210℃_320_0.5mm.csv,0.5,169.92,8.233006863,18518.51852,231.3110767,11073482.8
088_210℃_320_0.5mm.csv,0.5,169.92,8.381911118,18477.78267,231.3972786,11242900.73
089_210℃_320_0.5mm.csv,0.5,169.92,8.229107052,18658.37406,231.4693148,11149052.55
090_210℃_320_0.5mm.csv,0.5,169.92,7.180263809,20792.07921,231.5588442,10850732.6
001_230℃_020_0.5mm.csv,0.5,10.62,83.80153389,2138.601762,197.6549943,12945376.74
002_230℃_020_0.5mm.csv,0.5,10.62,81.76755832,2159.161012,198.0554973,12758602.9
003_230℃_020_0.5mm.csv,0.5,10.62,81.85709408,2153.735706,197.9637539,12740942.98
004_230℃_020_0.5mm.csv,0.5,10.62,81.33781827,2161.272063,198.0274833,12705541.53
005_230℃_020_0.5mm.csv,0.5,10.62,81.56480795,2158.384295,198.0945077,12723456.33
006_230℃_020_0.5mm.csv,0.5,10.62,81.46216303,2157.82984,197.9614356,12704872.95
007_230℃_020_0.5mm.csv,0.5,10.62,83.4303163,2136.643435,197.9903474,12878355.71
008_230℃_020_0.5mm.csv,0.5,10.62,82.89937853,2142.966478,197.7807458,12835566.99
009_230℃_020_0.5mm.csv,0.5,10.62,81.92658322,2153.625269,197.488068,12750935.93
010_230℃_020_0.5mm.csv,0.5,10.62,82.05081719,2154.288059,197.4983028,12773418.04
011_230℃_040_0.5mm.csv,0.5,21.24,29.87083022,4968.062456,218.08963,10788106.42
012_230℃_040_0.5mm.csv,0.5,21.24,29.99702213,4948.162111,218.0547967,10790745.6
013_230℃_040_0.5mm.csv,0.5,21.24,29.07587615,5023.923445,218.1264401,10625256.49
014_230℃_040_0.5mm.csv,0.5,21.24,29.54694127,4989.308624,218.205047,10719473.33
015_230℃_040_0.5mm.csv,0.5,21.24,29.11609514,5017.321706,218.2427854,10625996.91
016_230℃_040_0.5mm.csv,0.5,21.24,29.50478428,4995.242626,218.2077076,10717153.86
017_230℃_040_0.5mm.csv,0.5,21.24,29.22954132,5013.728065,218.1752091,10658612.38
018_230℃_040_0.5mm.csv,0.5,21.24,29.4656896,4999.404833,218.1221091,10712320.5
019_230℃_040_0.5mm.csv,0.5,21.24,29.33645141,5002.382087,218.1884817,10672945.77
020_230℃_040_0.5mm.csv,0.5,21.24,29.18272087,5023.923445,218.1024685,10663217.7
021_230℃_080_0.5mm.csv,0.5,42.48,12.7741109,10974.65378,227.9129871,10213819.74
022_230℃_080_0.5mm.csv,0.5,42.48,12.70754401,11017.83841,227.9562227,10201027.89
023_230℃_080_0.5mm.csv,0.5,42.48,13.28010978,10744.43592,227.9694763,10388173.49
024_230℃_080_0.5mm.csv,0.5,42.48,12.93852075,10889.2922,227.9473332,10262769.28
025_230℃_080_0.5mm.csv,0.5,42.48,13.02460901,10858.32472,228.1104153,10300483.8
026_230℃_080_0.5mm.csv,0.5,42.48,13.41492106,10695.18717,227.9724909,10443500.91
027_230℃_080_0.5mm.csv,0.5,42.48,13.20948446,10791.36691,228.0089163,10379082.57
028_230℃_080_0.5mm.csv,0.5,42.48,12.74458078,10994.7644,227.703932,10209011.77
029_230℃_080_0.5mm.csv,0.5,42.48,12.95828862,10900.59694,228.0442547,10287850.02
030_230℃_080_0.5mm.csv,0.5,42.48,12.97132819,10903.42679,228.0833805,10300906.93
031_230℃_120_0.5mm.csv,0.5,63.72,9.936549123,13721.00621,243.0558434,9943934.595
032_230℃_120_0.5mm.csv,0.5,63.72,9.992822769,13752.4558,243.1299087,10019854.77
033_230℃_120_0.5mm.csv,0.5,63.72,9.987935566,13806.70611,243.2096719,10053553.94
034_230℃_120_0.5mm.csv,0.5,63.72,9.940599954,13870.54161,243.3733027,10052825.51
035_230℃_120_0.5mm.csv,0.5,63.72,9.924238481,13838.55025,243.1979387,10014332.07
036_230℃_120_0.5mm.csv,0.5,63.72,9.85848837,13843.1114,243.3900393,9953503.643
037_230℃_120_0.5mm.csv,0.5,63.72,9.963941309,13738.95976,243.2969132,9983380.882
038_230℃_120_0.5mm.csv,0.5,63.72,9.995394485,13802.16891,243.2761991,10058231.74
039_230℃_120_0.5mm.csv,0.5,63.72,10.05184193,13756.96037,243.1621337,10079829.69
040_230℃_120_0.5mm.csv,0.5,63.72,10.22376583,13609.85094,243.2563445,10141006.48
041_230℃_160_0.5mm.csv,0.5,84.96,7.518138657,19462.46525,245.4519382,10644001.35
042_230℃_160_0.5mm.csv,0.5,84.96,7.519734616,19381.63359,245.5148995,10603632.55
043_230℃_160_0.5mm.csv,0.5,84.96,7.438431795,19435.44655,245.4193993,10520607.74
044_230℃_160_0.5mm.csv,0.5,84.96,7.409717095,19426.45698,245.1773083,10476854.6
045_230℃_160_0.5mm.csv,0.5,84.96,7.319634887,19462.46525,245.0801078,10373489.72
046_230℃_160_0.5mm.csv,0.5,84.96,7.501951754,19337.01657,245.5551256,10555194.35
047_230℃_160_0.5mm.csv,0.5,84.96,7.594749331,19213.17475,245.5802823,10614783.83
048_230℃_160_0.5mm.csv,0.5,84.96,7.326792801,19462.46525,245.4752497,10382895.7
049_230℃_160_0.5mm.csv,0.5,84.96,7.289850024,19507.66373,245.5656715,10355657.28
050_230℃_160_0.5mm.csv,0.5,84.96,7.316292179,19525.80195,245.5589242,10400206.12
051_230℃_200_0.5mm.csv,0.5,106.2,7.059285174,20009.52835,246.4581825,10289140.76
052_230℃_200_0.5mm.csv,0.5,106.2,7.311199891,19792.64844,246.3916759,10531070.02
053_230℃_200_0.5mm.csv,0.5,106.2,7.192665976,19867.54967,246.4208554,10403358.51
054_230℃_200_0.5mm.csv,0.5,106.2,6.848215328,20428.01556,246.4555921,10192869.78
055_230℃_200_0.5mm.csv,0.5,106.2,6.891640056,20358.70092,246.33623,10222706.46
056_230℃_200_0.5mm.csv,0.5,106.2,7.264541738,19820.67013,246.3493583,10479360
057_230℃_200_0.5mm.csv,0.5,106.2,7.284081168,19811.32075,246.4004385,10501579.63
058_230℃_200_0.5mm.csv,0.5,106.2,7.285145579,19736.84211,246.2348451,10466380.81
059_230℃_200_0.5mm.csv,0.5,106.2,7.190791143,19971.46933,246.7246247,10454401.83
060_230℃_200_0.5mm.csv,0.5,106.2,6.996184008,20163.22612,246.3802133,10275252.2
061_230℃_240_0.5mm.csv,0.5,127.44,7.570687226,18935.97836,245.7856152,10435771.91
062_230℃_240_0.5mm.csv,0.5,127.44,7.504994573,19030.35795,246.3057219,10398655.33
063_230℃_240_0.5mm.csv,0.5,127.44,7.556205707,18884.89209,246.2856348,10390126.74
064_230℃_240_0.5mm.csv,0.5,127.44,7.538621929,19038.98459,246.5366535,10447679.57
065_230℃_240_0.5mm.csv,0.5,127.44,7.214046919,19480.51948,246.408543,10237373.24
066_230℃_240_0.5mm.csv,0.5,127.44,7.33639076,19204.38957,246.4983566,10263382.46
067_230℃_240_0.5mm.csv,0.5,127.44,7.420532689,19345.92354,246.6064613,10449671.9
068_230℃_240_0.5mm.csv,0.5,127.44,7.346901828,19417.47573,246.4414267,10386254.59
069_230℃_240_0.5mm.csv,0.5,127.44,7.186119184,19672.13115,246.5564634,10296342.15
070_230℃_240_0.5mm.csv,0.5,127.44,7.228259321,19562.17979,246.8102202,10299270.63
071_230℃_280_0.5mm.csv,0.5,148.68,7.40442031,19013.12811,246.3769642,10255276.13
072_230℃_280_0.5mm.csv,0.5,148.68,7.36505827,19274.89674,246.6384408,10338637.11
073_230℃_280_0.5mm.csv,0.5,148.68,7.401894574,19038.98459,246.6261289,10264966.35
074_230℃_280_0.5mm.csv,0.5,148.68,7.426251217,19099.59072,246.4379736,10329979.45
075_230℃_280_0.5mm.csv,0.5,148.68,7.497720304,19099.59072,246.5332763,10424603.5
076_230℃_280_0.5mm.csv,0.5,148.68,7.386247182,19257.22146,246.5927685,10357626.71
077_230℃_280_0.5mm.csv,0.5,148.68,7.236603021,19345.92354,246.3790347,10200065.41
078_230℃_280_0.5mm.csv,0.5,148.68,7.263385337,19266.05505,246.5136869,10195884.6
079_230℃_280_0.5mm.csv,0.5,148.68,7.419289276,19090.90909,246.4449601,10316275.79
080_230℃_280_0.5mm.csv,0.5,148.68,7.613011073,18758.37427,246.7143028,10398031.82
081_230℃_320_0.5mm.csv,0.5,169.92,7.558342294,18987.34177,246.4714461,10446767.42
082_230℃_320_0.5mm.csv,0.5,169.92,7.495610628,18944.51962,246.4510435,10341339.12
083_230℃_320_0.5mm.csv,0.5,169.92,7.49476553,18867.92453,246.5664826,10299488.5
084_230℃_320_0.5mm.csv,0.5,169.92,7.750414787,18404.90798,246.3537979,10385749.43
085_230℃_320_0.5mm.csv,0.5,169.92,7.393346074,19073.56948,246.512626,10272716.03
086_230℃_320_0.5mm.csv,0.5,169.92,7.610412798,18800.3581,246.3873996,10416367.21
087_230℃_320_0.5mm.csv,0.5,169.92,7.551724393,18944.51962,246.3903603,10414912.45
088_230℃_320_0.5mm.csv,0.5,169.92,7.361107228,19038.98459,246.5359174,10210556.15
089_230℃_320_0.5mm.csv,0.5,169.92,7.373178147,18944.51962,246.5986403,10178536.59
090_230℃_320_0.5mm.csv,0.5,169.92,7.298937924,19160.58394,246.3348662,10189931.2
001_190℃_010_1.0mm.csv,1,5.31,194.0452232,541.8795479,184.0282822,4080223.496
002_190℃_010_1.0mm.csv,1,5.31,197.7597334,536.2204121,184.2145264,4111511.178
003_190℃_010_1.0mm.csv,1,5.31,188.2982375,548.7900486,184.2164839,4016806.796
004_190℃_010_1.0mm.csv,1,5.31,192.2022617,544.7894778,184.3411005,4064903.093
005_190℃_010_1.0mm.csv,1,5.31,191.6286065,543.8301178,184.4086868,4047471.05
006_190℃_010_1.0mm.csv,1,5.31,187.239531,548.7900486,184.44727,3996433.173
007_190℃_010_1.0mm.csv,1,5.31,191.9626257,544.2670537,184.5705738,4056787.953
008_190℃_010_1.0mm.csv,1,5.31,200.2768541,531.5917375,184.4863797,4126319.32
009_190℃_010_1.0mm.csv,1,5.31,190.9118849,543.6611696,184.5022085,4032703.289
010_190℃_010_1.0mm.csv,1,5.31,215.0593509,511.7707267,184.5782238,4252186.2
011_190℃_020_1.0mm.csv,1,10.62,86.58895818,1176.141137,192.3913989,3964452.503
012_190℃_020_1.0mm.csv,1,10.62,86.94601448,1175.416993,192.3622637,3977010.99
013_190℃_020_1.0mm.csv,1,10.62,86.17993297,1175.746039,192.4950471,3946531.626
014_190℃_020_1.0mm.csv,1,10.62,84.71976202,1185.56992,192.4295885,3915504.855
015_190℃_020_1.0mm.csv,1,10.62,86.07836153,1178.054527,192.4470459,3949209.938
016_190℃_020_1.0mm.csv,1,10.62,84.60019862,1182.632201,192.470664,3901789.376
017_190℃_020_1.0mm.csv,1,10.62,86.44994059,1175.877709,192.418682,3957909.982
018_190℃_020_1.0mm.csv,1,10.62,84.61732823,1182.499015,192.4872277,3902184.639
019_190℃_020_1.0mm.csv,1,10.62,84.49938198,1181.634031,192.564617,3894791.794
020_190℃_020_1.0mm.csv,1,10.62,86.47401542,1171.613479,192.5598624,3946097.372
021_190℃_040_1.0mm.csv,1,21.24,42.11754161,2518.58959,194.5919689,4112872.795
022_190℃_040_1.0mm.csv,1,21.24,41.3577519,2540.527462,194.7089525,4077606.921
023_190℃_040_1.0mm.csv,1,21.24,42.25926774,2512.262232,194.7103863,4115941.525
024_190℃_040_1.0mm.csv,1,21.24,41.76378522,2531.035314,194.8552589,4100065.843
025_190℃_040_1.0mm.csv,1,21.24,41.25786109,2546.071775,195.0916755,4076719.299
026_190℃_040_1.0mm.csv,1,21.24,42.3184349,2509.560229,195.0685432,4117175.385
027_190℃_040_1.0mm.csv,1,21.24,40.65035107,2557.856273,194.9109425,4039566.239
028_190℃_040_1.0mm.csv,1,21.24,41.7069086,2524.341868,194.9887866,4084934.648
029_190℃_040_1.0mm.csv,1,21.24,42.60326201,2501.191043,194.9077011,4129776.357
030_190℃_040_1.0mm.csv,1,21.24,41.85518691,2525.556224,194.9126674,4099836.986
031_190℃_080_1.0mm.csv,1,42.48,24.12902056,5031.145184,198.8086642,4649571.609
032_190℃_080_1.0mm.csv,1,42.48,24.00237107,5042.016807,199.008897,4636138.305
033_190℃_080_1.0mm.csv,1,42.48,23.18548271,5138.24321,198.9757035,4570358.798
034_190℃_080_1.0mm.csv,1,42.48,23.47424254,5103.28068,199.1014856,4593172.543
035_190℃_080_1.0mm.csv,1,42.48,23.17000182,5129.457743,199.1750415,4559830.048
036_190℃_080_1.0mm.csv,1,42.48,24.19333758,5023.923445,199.1169524,4654673.484
037_190℃_080_1.0mm.csv,1,42.48,23.37507464,5114.466634,199.0868015,4584845.378
038_190℃_080_1.0mm.csv,1,42.48,24.57114575,4982.206406,199.0717221,4684913.721
039_190℃_080_1.0mm.csv,1,42.48,23.29871931,5129.457743,199.114007,4582892.632
040_190℃_080_1.0mm.csv,1,42.48,24.60312005,4985.754986,199.1447726,4693569.458
041_190℃_120_1.0mm.csv,1,63.72,16.61624321,7712.082262,205.5488237,4886054.987
042_190℃_120_1.0mm.csv,1,63.72,16.76912642,7545.81387,205.6990587,4829643.497
043_190℃_120_1.0mm.csv,1,63.72,16.10018573,7720.588235,205.7619024,4750861.231
044_190℃_120_1.0mm.csv,1,63.72,16.71093524,7545.81387,205.6436938,4813827.161
045_190℃_120_1.0mm.csv,1,63.72,16.2285734,7729.112992,205.6530363,4790180.902
046_190℃_120_1.0mm.csv,1,63.72,16.60870423,7575.757576,205.692767,4804683.033
047_190℃_120_1.0mm.csv,1,63.72,16.25502868,7664.233577,205.7706958,4760766.388
048_190℃_120_1.0mm.csv,1,63.72,17.65308073,7376.185458,205.7684841,4958116.282
049_190℃_120_1.0mm.csv,1,63.72,17.66641779,7417.873543,205.6838287,4987124.431
050_190℃_120_1.0mm.csv,1,63.72,16.0645121,7723.427731,205.6483504,4743048.928
051_190℃_160_1.0mm.csv,1,84.96,13.79906583,9628.610729,209.8156729,5050600.165
052_190℃_160_1.0mm.csv,1,84.96,13.72441709,9615.384615,209.9017435,5019557.509
053_190℃_160_1.0mm.csv,1,84.96,13.84703945,9619.789281,209.9860569,5062501.246
054_190℃_160_1.0mm.csv,1,84.96,13.56595523,9677.419355,210.0331213,4995858.024
055_190℃_160_1.0mm.csv,1,84.96,14.00296252,9549.795362,210.0371776,5081208.234
056_190℃_160_1.0mm.csv,1,84.96,13.51241005,9699.769053,210.1194662,4987498.143
057_190℃_160_1.0mm.csv,1,84.96,14.70831556,9387.572642,210.0544379,5232998.596
058_190℃_160_1.0mm.csv,1,84.96,13.64605719,9672.961769,210.0741885,5019994.114
059_190℃_160_1.0mm.csv,1,84.96,14.35680713,9476.534296,210.0486476,5162954.678
060_190℃_160_1.0mm.csv,1,84.96,13.55210191,9686.346863,210.0576621,4995423.304
061_190℃_200_1.0mm.csv,1,106.2,12.4002895,11146.49682,212.306901,5238163.637
062_190℃_200_1.0mm.csv,1,106.2,12.24393439,11134.67656,212.4752754,5172876.642
063_190℃_200_1.0mm.csv,1,106.2,12.20828397,11229.94652,212.3951103,5198668.716
064_190℃_200_1.0mm.csv,1,106.2,12.20250009,11205.97652,212.5330781,5187274.584
065_190℃_200_1.0mm.csv,1,106.2,11.95914211,11272.14171,212.5066581,5119317.981
066_190℃_200_1.0mm.csv,1,106.2,12.15322956,11122.88136,212.6172047,5131944.785
067_190℃_200_1.0mm.csv,1,106.2,12.51068764,11075.94937,212.6437459,5251086.555
068_190℃_200_1.0mm.csv,1,106.2,12.19141585,11170.21277,212.6140389,5166346.879
069_190℃_200_1.0mm.csv,1,106.2,12.30638004,11158.34219,212.5702333,5206451.137
070_190℃_200_1.0mm.csv,1,106.2,12.16287661,11211.95942,212.5657386,5174182.855
071_190℃_240_1.0mm.csv,1,127.44,12.22792429,11394.46555,213.4757735,5277970.925
072_190℃_240_1.0mm.csv,1,127.44,12.78677692,11105.23533,213.4852116,5371210.551
073_190℃_240_1.0mm.csv,1,127.44,10.4449973,12266.35514,213.5946643,4884305.972
074_190℃_240_1.0mm.csv,1,127.44,12.70889945,11182.10863,213.6284011,5375338.65
075_190℃_240_1.0mm.csv,1,127.44,11.58474155,11699.16435,213.6212394,5144603.402
076_190℃_240_1.0mm.csv,1,127.44,12.36219272,11290.32258,213.5869107,5286595.373
077_190℃_240_1.0mm.csv,1,127.44,11.3645896,11784.51178,213.6403266,5087479.641
078_190℃_240_1.0mm.csv,1,127.44,12.71707152,11170.21277,213.6503083,5373209.208
079_190℃_240_1.0mm.csv,1,127.44,10.99607866,12000,213.7810921,5018803.382
080_190℃_240_1.0mm.csv,1,127.44,10.84522246,12075.90569,213.8070979,4984841.506
081_190℃_280_1.0mm.csv,1,148.68,10.64029646,12166.85979,214.3811356,4931488.421
082_190℃_280_1.0mm.csv,1,148.68,12.35987684,11425.46246,214.2661795,5342850.268
083_190℃_280_1.0mm.csv,1,148.68,12.68894975,11314.65517,214.3035358,5425587.961
084_190℃_280_1.0mm.csv,1,148.68,12.40022085,11388.28633,214.2026338,5344222.205
085_190℃_280_1.0mm.csv,1,148.68,12.44057075,11320.75472,214.3614553,5330447.075
086_190℃_280_1.0mm.csv,1,148.68,11.13947395,11851.0158,214.3679419,5020908.334
087_190℃_280_1.0mm.csv,1,148.68,10.16188051,12404.01654,214.3799698,4812141.931
088_190℃_280_1.0mm.csv,1,148.68,12.62366584,11284.25578,214.3696887,5385892.342
089_190℃_280_1.0mm.csv,1,148.68,12.95417258,11158.34219,214.5159149,5459346.186
090_190℃_280_1.0mm.csv,1,148.68,12.40413482,11382.11382,214.4520337,5341952.166
091_190℃_320_1.0mm.csv,1,169.92,10.31005294,12440.75829,214.6970475,4889722.512
092_190℃_320_1.0mm.csv,1,169.92,10.40411965,12418.68717,214.5994237,4922975.714
093_190℃_320_1.0mm.csv,1,169.92,10.19525322,12559.80861,214.6054376,4882622.342
094_190℃_320_1.0mm.csv,1,169.92,9.979752278,12642.98615,214.7321808,4816410.615
095_190℃_320_1.0mm.csv,1,169.92,12.48535895,11481.68398,214.7421803,5417813.526
096_190℃_320_1.0mm.csv,1,169.92,10.279012,12477.71836,214.5256144,4889808.058
097_190℃_320_1.0mm.csv,1,169.92,10.59955095,12244.89796,214.6340204,4943210.931
098_190℃_320_1.0mm.csv,1,169.92,12.12215684,11647.25458,214.7814852,5342696.735
099_190℃_320_1.0mm.csv,1,169.92,10.85703808,12152.77778,214.6891033,5018125.672
100_190℃_320_1.0mm.csv,1,169.92,12.19297599,11621.47205,214.6345658,5360792.29
001_210℃_010_1.0mm.csv,1,5.31,177.5079546,557.0882852,201.542209,3861165.691
002_210℃_010_1.0mm.csv,1,5.31,172.8976154,565.9462082,201.7212207,3824881.171
003_210℃_010_1.0mm.csv,1,5.31,171.5088796,565.7937278,201.745393,3796373.188
004_210℃_010_1.0mm.csv,1,5.31,169.3727119,568.6741768,201.7871571,3771270.864
005_210℃_010_1.0mm.csv,1,5.31,161.3658649,580.687977,201.7997079,3679722.894
006_210℃_010_1.0mm.csv,1,5.31,167.3777412,570.4971475,201.8315884,3742101.982
007_210℃_010_1.0mm.csv,1,5.31,162.6198746,578.2256732,201.868005,3691173.865
008_210℃_010_1.0mm.csv,1,5.31,169.7384662,567.9359585,201.9738449,3774108.169
009_210℃_010_1.0mm.csv,1,5.31,167.7135934,567.0771225,201.9666852,3728743.81
010_210℃_010_1.0mm.csv,1,5.31,164.3255735,573.582432,202.0072979,3698936.882
011_210℃_020_1.0mm.csv,1,10.62,74.99710768,1196.035995,211.1461972,3539484.202
012_210℃_020_1.0mm.csv,1,10.62,72.96098176,1209.886501,211.2893023,3489649.963
013_210℃_020_1.0mm.csv,1,10.62,70.31174571,1230.94959,211.2569635,3429379.975
014_210℃_020_1.0mm.csv,1,10.62,74.54929812,1198.972309,211.2461156,3528424.161
015_210℃_020_1.0mm.csv,1,10.62,74.39114295,1205.787781,211.2767767,3539532.3
016_210℃_020_1.0mm.csv,1,10.62,72.95663991,1214.013181,211.2539636,3500064.22
017_210℃_020_1.0mm.csv,1,10.62,72.99819087,1212.261156,211.2956296,3497273.561
018_210℃_020_1.0mm.csv,1,10.62,74.52240284,1203.093669,211.3274014,3538064.392
019_210℃_020_1.0mm.csv,1,10.62,73.31568385,1211.282229,211.4085061,3508245.038
020_210℃_020_1.0mm.csv,1,10.62,73.21639389,1209.886501,211.4321896,3500535.516
021_210℃_040_1.0mm.csv,1,21.24,37.99101246,2522.522523,213.772178,3754286.464
022_210℃_040_1.0mm.csv,1,21.24,39.03564915,2485.501243,213.8126173,3795971.671
023_210℃_040_1.0mm.csv,1,21.24,37.82272022,2508.960573,213.9098838,3721555.221
024_210℃_040_1.0mm.csv,1,21.24,37.93626699,2509.560229,213.867747,3732204.062
025_210℃_040_1.0mm.csv,1,21.24,38.04232807,2506.864032,213.921867,3738078.772
026_210℃_040_1.0mm.csv,1,21.24,37.23557063,2539.29867,214.0004088,3709440.459
027_210℃_040_1.0mm.csv,1,21.24,37.21597946,2534.089538,213.9376995,3700827.409
028_210℃_040_1.0mm.csv,1,21.24,37.27328019,2531.64557,213.9470779,3702905.287
029_210℃_040_1.0mm.csv,1,21.24,37.93172664,2509.860165,213.9406349,3732252.484
030_210℃_040_1.0mm.csv,1,21.24,37.63826488,2520.705798,214.0200798,3720753.025
031_210℃_080_1.0mm.csv,1,42.48,20.90570567,5130.71097,216.9424951,4154577.487
032_210℃_080_1.0mm.csv,1,42.48,20.84170103,5139.500734,217.0292226,4149336.642
033_210℃_080_1.0mm.csv,1,42.48,21.20170768,5087.209302,217.0666004,4175335.241
034_210℃_080_1.0mm.csv,1,42.48,20.97338321,5124.450952,217.0141283,4161818.987
035_210℃_080_1.0mm.csv,1,42.48,20.76835583,5149.583129,217.1109074,4143865.023
036_210℃_080_1.0mm.csv,1,42.48,21.20951573,5087.209302,217.1243151,4177036.518
037_210℃_080_1.0mm.csv,1,42.48,21.44624286,5056.585601,217.0816457,4195874.567
038_210℃_080_1.0mm.csv,1,42.48,20.85488571,5128.205128,217.1083231,4143742.118
039_210℃_080_1.0mm.csv,1,42.48,21.41483024,5065.12301,217.2033912,4196910.649
040_210℃_080_1.0mm.csv,1,42.48,21.73438486,5020.320344,217.1399507,4219608.591
041_210℃_120_1.0mm.csv,1,63.72,14.73867109,7731.958763,221.5238908,4388710.321
042_210℃_120_1.0mm.csv,1,63.72,15.10106731,7540.394973,221.6493579,4385675.171
043_210℃_120_1.0mm.csv,1,63.72,14.56623229,7692.307692,221.6139555,4321705.566
044_210℃_120_1.0mm.csv,1,63.72,15.70931481,7441.530829,221.6294776,4491638.421
045_210℃_120_1.0mm.csv,1,63.72,15.34658663,7619.738752,221.5961843,4493268.886
046_210℃_120_1.0mm.csv,1,63.72,15.80758455,7467.99431,221.6263648,4531953.059
047_210℃_120_1.0mm.csv,1,63.72,14.69191912,7729.112992,221.704716,4374804.003
048_210℃_120_1.0mm.csv,1,63.72,14.87264877,7608.695652,221.7536218,4360889.979
049_210℃_120_1.0mm.csv,1,63.72,15.42928213,7508.044333,221.7236894,4454970.559
050_210℃_120_1.0mm.csv,1,63.72,15.64843857,7516.105941,221.7613713,4516769.531
051_210℃_160_1.0mm.csv,1,84.96,12.84838414,9575.923393,225.8608422,4706823.572
052_210℃_160_1.0mm.csv,1,84.96,13.59180189,9354.120267,225.9524896,4850261.452
053_210℃_160_1.0mm.csv,1,84.96,13.18016967,9485.094851,225.936428,4775669.088
054_210℃_160_1.0mm.csv,1,84.96,13.20081344,9463.722397,225.9675358,4773374.943
055_210℃_160_1.0mm.csv,1,84.96,12.35343714,9708.737864,225.9582648,4597975.283
056_210℃_160_1.0mm.csv,1,84.96,13.47594335,9366.636931,225.8946529,4817859.615
057_210℃_160_1.0mm.csv,1,84.96,12.7425948,9575.923393,226.0261024,4671259.294
058_210℃_160_1.0mm.csv,1,84.96,13.0899284,9497.964722,225.9598851,4752148.954
059_210℃_160_1.0mm.csv,1,84.96,13.10516206,9472.259811,225.9200977,4745413.196
060_210℃_160_1.0mm.csv,1,84.96,12.81988926,9554.140127,226.0045272,4687149.334
061_210℃_200_1.0mm.csv,1,106.2,11.03423323,11345.2188,228.1448152,4781817.585
062_210℃_200_1.0mm.csv,1,106.2,11.3837524,11146.49682,228.2508183,4841470.945
063_210℃_200_1.0mm.csv,1,106.2,11.37221609,11176.15753,228.2003071,4848858.894
064_210℃_200_1.0mm.csv,1,106.2,11.08545547,11254.01929,228.2769085,4767588.198
065_210℃_200_1.0mm.csv,1,106.2,11.00798911,11326.86084,228.2876687,4765075.898
066_210℃_200_1.0mm.csv,1,106.2,11.24080647,11158.34219,228.31132,4790757.963
067_210℃_200_1.0mm.csv,1,106.2,11.10069338,11229.94652,228.2720784,4763331.854
068_210℃_200_1.0mm.csv,1,106.2,11.05339132,11314.65517,228.3018865,4777831.865
069_210℃_200_1.0mm.csv,1,106.2,11.09396573,11332.97356,228.2519531,4800840.232
070_210℃_200_1.0mm.csv,1,106.2,11.15128528,11241.97002,228.2621847,4788226.99
071_210℃_240_1.0mm.csv,1,127.44,11.74993437,11223.94441,229.4956837,5016820.072
072_210℃_240_1.0mm.csv,1,127.44,10.32440288,11952.19124,229.647649,4719252.623
073_210℃_240_1.0mm.csv,1,127.44,10.58092187,11784.51178,229.6635667,4764960.29
074_210℃_240_1.0mm.csv,1,127.44,9.564318945,12345.67901,229.6703477,4533049.144
075_210℃_240_1.0mm.csv,1,127.44,9.309826295,12529.83294,229.5695852,4483023.372
076_210℃_240_1.0mm.csv,1,127.44,11.57951311,11314.65517,229.6042831,4986717.992
077_210℃_240_1.0mm.csv,1,127.44,11.22436927,11506.84932,229.6601792,4921744.581
078_210℃_240_1.0mm.csv,1,127.44,10.46979115,11931.81818,229.5863381,4773422.429
079_210℃_240_1.0mm.csv,1,127.44,11.26581501,11487.96499,229.53171,4930860.811
080_210℃_240_1.0mm.csv,1,127.44,9.64443376,12374.77902,229.5927699,4577432.152
081_210℃_280_1.0mm.csv,1,148.68,9.538854738,12440.75829,230.3050854,4553619.031
082_210℃_280_1.0mm.csv,1,148.68,11.8610851,11308.5622,230.2461798,5094775.651
083_210℃_280_1.0mm.csv,1,148.68,10.83402391,11777.90241,230.1282261,4867599.739
084_210℃_280_1.0mm.csv,1,148.68,11.92577384,11308.5622,230.1060176,5121005.698
085_210℃_280_1.0mm.csv,1,148.68,11.63054667,11425.46246,230.2241008,5051646.568
086_210℃_280_1.0mm.csv,1,148.68,11.03080741,11673.15175,230.2345037,4907035.319
087_210℃_280_1.0mm.csv,1,148.68,11.63683774,11388.28633,230.2531505,5039342.847
088_210℃_280_1.0mm.csv,1,148.68,9.174877722,12582.38466,230.2620931,4440611.914
089_210℃_280_1.0mm.csv,1,148.68,9.037798611,12673.50634,230.0720177,4409619.205
090_210℃_280_1.0mm.csv,1,148.68,11.25402966,11615.04425,230.222115,4975425.656
091_210℃_320_1.0mm.csv,1,169.92,11.325038,11771.30045,230.3869194,5066666.257
092_210℃_320_1.0mm.csv,1,169.92,11.17233489,11764.70588,230.4463648,5001341.775
093_210℃_320_1.0mm.csv,1,169.92,8.970485695,12851.89718,230.5033014,4435882.361
094_210℃_320_1.0mm.csv,1,169.92,8.535780593,13224.18136,230.6171926,4351246.367
095_210℃_320_1.0mm.csv,1,169.92,8.936471885,12962.96296,230.8039121,4455093.395
096_210℃_320_1.0mm.csv,1,169.92,8.968240153,12875.53648,230.7396943,4441534.328
097_210℃_320_1.0mm.csv,1,169.92,10.39821736,12173.91304,230.7262671,4830769.942
098_210℃_320_1.0mm.csv,1,169.92,11.46370381,11640.79823,230.6617958,5071955.941
099_210℃_320_1.0mm.csv,1,169.92,11.24394034,11777.90241,230.7081184,5035464.076
100_210℃_320_1.0mm.csv,1,169.92,9.140506967,12704.17423,230.6383453,4465557.479
001_230℃_010_1.0mm.csv,1,5.31,154.2433062,562.5954403,219.5616229,3437200.403
002_230℃_010_1.0mm.csv,1,5.31,141.2887696,589.7551112,219.7693424,3316445.513
003_230℃_010_1.0mm.csv,1,5.31,140.8454429,590.8003939,219.8869943,3312408.693
004_230℃_010_1.0mm.csv,1,5.31,138.7807452,594.3788741,219.8922088,3287112.473
005_230℃_010_1.0mm.csv,1,5.31,139.7519599,592.634401,219.9967746,3298773.251
006_230℃_010_1.0mm.csv,1,5.31,141.5639108,589.8213684,219.9831576,3322480.591
007_230℃_010_1.0mm.csv,1,5.31,145.6581266,582.3304309,220.1070186,3368753.305
008_230℃_010_1.0mm.csv,1,5.31,139.7665188,594.0426013,220.094864,3305972.549
009_230℃_010_1.0mm.csv,1,5.31,136.640091,597.099801,220.1967212,3255582.243
010_230℃_010_1.0mm.csv,1,5.31,139.6062645,591.7159763,220.2358951,3291263.652
011_230℃_020_1.0mm.csv,1,10.62,65.92534825,1222.422725,231.0158736,3220676.264
012_230℃_020_1.0mm.csv,1,10.62,64.81368148,1219.724691,231.0303963,3166976.686
013_230℃_020_1.0mm.csv,1,10.62,63.32189898,1233.915036,231.1223904,3134717.327
014_230℃_020_1.0mm.csv,1,10.62,65.43538125,1221.71156,231.1387982,3198070.816
015_230℃_020_1.0mm.csv,1,10.62,63.2922665,1240.768095,231.1795511,3148656.527
016_230℃_020_1.0mm.csv,1,10.62,61.36885794,1254.105703,231.1997223,3093784.542
017_230℃_020_1.0mm.csv,1,10.62,63.88904251,1234.713076,231.2300499,3160965.138
018_230℃_020_1.0mm.csv,1,10.62,66.44155951,1216.897491,231.1752149,3229844.16
019_230℃_020_1.0mm.csv,1,10.62,64.5305245,1222.778619,231.2924845,3161730.537
020_230℃_020_1.0mm.csv,1,10.62,63.22051952,1236.967662,231.3156391,3137097.977
021_230℃_040_1.0mm.csv,1,21.24,34.87241228,2490.807733,233.67935,3440430.259
022_230℃_040_1.0mm.csv,1,21.24,33.23741529,2541.757444,233.8523332,3357033.081
023_230℃_040_1.0mm.csv,1,21.24,33.05319016,2544.837615,233.8617943,3344209.752
024_230℃_040_1.0mm.csv,1,21.24,33.40774464,2533.172497,233.9139548,3362162.925
025_230℃_040_1.0mm.csv,1,21.24,33.60426889,2533.783784,233.8764089,3380238.022
026_230℃_040_1.0mm.csv,1,21.24,33.3879504,2542.372881,233.9501577,3370963.378
027_230℃_040_1.0mm.csv,1,21.24,33.65184602,2526.16384,233.9621375,3375470.791
028_230℃_040_1.0mm.csv,1,21.24,33.48707686,2533.783784,233.9926986,3369863.655
029_230℃_040_1.0mm.csv,1,21.24,32.76183277,2560.03901,233.9397115,3335709.928
030_230℃_040_1.0mm.csv,1,21.24,32.28475157,2568.179039,233.9282951,3302059.643
031_230℃_080_1.0mm.csv,1,42.48,18.86815984,5125.701733,236.3694162,3785471.091
032_230℃_080_1.0mm.csv,1,42.48,19.63914638,5021.520803,236.4609808,3851666.009
033_230℃_080_1.0mm.csv,1,42.48,18.63916185,5158.43773,236.5982987,3765273.339
034_230℃_080_1.0mm.csv,1,42.48,18.50715596,5181.34715,236.5547503,3756740.949
035_230℃_080_1.0mm.csv,1,42.48,18.33802035,5209.625403,236.533603,3743805.264
036_230℃_080_1.0mm.csv,1,42.48,18.67880292,5154.639175,236.6368105,3770262.537
037_230℃_080_1.0mm.csv,1,42.48,18.60141498,5162.241888,236.6489663,3761321.467
038_230℃_080_1.0mm.csv,1,42.48,18.95168995,5098.324836,236.6084153,3782029.097
039_230℃_080_1.0mm.csv,1,42.48,18.95384818,5097.087379,236.6246306,3781585.925
040_230℃_080_1.0mm.csv,1,42.48,18.95502413,5109.489051,236.5825093,3789815.275
041_230℃_120_1.0mm.csv,1,63.72,13.98845233,7508.044333,239.4804745,4075966.93
042_230℃_120_1.0mm.csv,1,63.72,13.02604274,7746.219107,239.4569163,3932020.272
043_230℃_120_1.0mm.csv,1,63.72,13.30500872,7644.703313,239.5043649,3960148.151
044_230℃_120_1.0mm.csv,1,63.72,13.34637893,7644.703313,239.5373166,3971339.398
045_230℃_120_1.0mm.csv,1,63.72,13.97963176,7633.587786,239.4976066,4135528.279
046_230℃_120_1.0mm.csv,1,63.72,14.2258582,7462.686567,239.5513247,4116375.795
047_230℃_120_1.0mm.csv,1,63.72,13.3249208,7731.958763,239.5916304,4006496.072
048_230℃_120_1.0mm.csv,1,63.72,12.95977946,7772.020725,239.5852771,3925687.98
049_230℃_120_1.0mm.csv,1,63.72,14.33893315,7438.894793,239.6719891,4133865.993
050_230℃_120_1.0mm.csv,1,63.72,12.87253863,7757.665312,239.6692477,3895565.127
051_230℃_160_1.0mm.csv,1,84.96,11.80725499,9519.492294,243.1847297,4334339.26
052_230℃_160_1.0mm.csv,1,84.96,11.57773188,9584.664537,243.1629738,4284906.517
053_230℃_160_1.0mm.csv,1,84.96,11.85837452,9532.455742,243.1369813,4357292.856
054_230℃_160_1.0mm.csv,1,84.96,12.10168336,9425.493716,243.1909694,4393074.11
055_230℃_160_1.0mm.csv,1,84.96,11.38208905,9646.302251,243.2754321,4243597.215
056_230℃_160_1.0mm.csv,1,84.96,12.14005687,9395.973154,243.206089,4393402.566
057_230℃_160_1.0mm.csv,1,84.96,11.39793419,9619.789281,243.2819098,4238407.349
058_230℃_160_1.0mm.csv,1,84.96,12.28521922,9329.187028,243.2532954,4412033.536
059_230℃_160_1.0mm.csv,1,84.96,12.14863234,9404.388715,243.3373373,4399046.229
060_230℃_160_1.0mm.csv,1,84.96,12.37492299,9358.28877,243.3291945,4454313.698
061_230℃_200_1.0mm.csv,1,106.2,10.3540592,11188.06606,245.4928952,4455528.756
062_230℃_200_1.0mm.csv,1,106.2,10.16324921,11205.97652,245.5169383,4387304.275
063_230℃_200_1.0mm.csv,1,106.2,10.22194556,11229.94652,245.5666424,4418068.573
064_230℃_200_1.0mm.csv,1,106.2,10.04941095,11247.99143,245.6648867,4356882.013
065_230℃_200_1.0mm.csv,1,106.2,9.762729112,11406.84411,245.505856,4298552.092
066_230℃_200_1.0mm.csv,1,106.2,10.10306579,11223.94441,245.5664447,4369360.259
067_230℃_200_1.0mm.csv,1,106.2,9.909714202,11339.09287,245.5983834,4332973.669
068_230℃_200_1.0mm.csv,1,106.2,10.27344634,11272.14171,245.6213609,4454368.429
069_230℃_200_1.0mm.csv,1,106.2,10.42330085,11170.21277,245.6748661,4476261.084
070_230℃_200_1.0mm.csv,1,106.2,10.05035085,11314.65517,245.7304844,4380985.315
071_230℃_240_1.0mm.csv,1,127.44,8.829191399,12216.40489,246.9006625,4175390.048
072_230℃_240_1.0mm.csv,1,127.44,10.57655222,11314.65517,246.8846658,4588785.98
073_230℃_240_1.0mm.csv,1,127.44,10.20364104,11481.68398,246.9259869,4500600.605
074_230℃_240_1.0mm.csv,1,127.44,9.541676086,11925.04259,246.8121954,4383665.282
075_230℃_240_1.0mm.csv,1,127.44,8.600003684,12537.31343,246.8623371,4174124.717
076_230℃_240_1.0mm.csv,1,127.44,10.2805186,11551.15512,246.8013073,4556486.703
077_230℃_240_1.0mm.csv,1,127.44,9.9582911,11686.14357,246.9066807,4473395.222
078_230℃_240_1.0mm.csv,1,127.44,9.979691187,11608.62355,246.8748346,4454965.116
079_230℃_240_1.0mm.csv,1,127.44,10.2762319,11519.4734,246.8418025,4543215.707
080_230℃_240_1.0mm.csv,1,127.44,9.416670257,12000,246.9943832,4355834.017
081_230℃_280_1.0mm.csv,1,148.68,8.756735822,12374.77902,247.3698563,4193591.103
082_230℃_280_1.0mm.csv,1,148.68,10.82164998,11345.2188,247.2406015,4697156.755
083_230℃_280_1.0mm.csv,1,148.68,8.767305518,12352.94118,247.4366601,4191119.949
084_230℃_280_1.0mm.csv,1,148.68,10.38771331,11519.4734,247.4227519,4588857.445
085_230℃_280_1.0mm.csv,1,148.68,10.56257701,11544.80484,247.4640119,4668037.281
086_230℃_280_1.0mm.csv,1,148.68,9.148047622,12124.71132,247.509657,4282462.132
087_230℃_280_1.0mm.csv,1,148.68,9.0309022,12237.76224,247.4816072,4269176.476
088_230℃_280_1.0mm.csv,1,148.68,9.03605247,12202.20802,247.3968709,4259773.069
089_230℃_280_1.0mm.csv,1,148.68,10.25491295,11615.04425,247.4540007,4569049.776
090_230℃_280_1.0mm.csv,1,148.68,9.056456791,12195.12195,247.4696825,4266526.389
091_230℃_320_1.0mm.csv,1,169.92,9.277333309,12237.76224,247.7552545,4373991.573
092_230℃_320_1.0mm.csv,1,169.92,10.46123422,11583.01158,247.7232783,4642492.885
093_230℃_320_1.0mm.csv,1,169.92,8.552862042,12582.38466,247.6858178,4167417.685
094_230℃_320_1.0mm.csv,1,169.92,10.62753399,11519.4734,247.8125676,4685565.213
095_230℃_320_1.0mm.csv,1,169.92,8.674411831,12597.4805,247.8413827,4224930.638
096_230℃_320_1.0mm.csv,1,169.92,7.724282766,13240.8575,247.892269,3979772.271
097_230℃_320_1.0mm.csv,1,169.92,7.70117451,13224.18136,247.877689,3965243.472
098_230℃_320_1.0mm.csv,1,169.92,8.329580529,12765.95745,247.8766971,4122910.591
099_230℃_320_1.0mm.csv,1,169.92,10.16153673,11830.98592,247.8968711,4608394.557
100_230℃_320_1.0mm.csv,1,169.92,10.6972964,11551.15512,248.0078331,4725766.656
001_190℃_003_1.5mm.csv,1.5,1.593,1345.811886,79.86126957,162.227863,2907840.663
002_190℃_003_1.5mm.csv,1.5,1.593,1348.98648,79.25904119,162.2975617,2894829.736
003_190℃_003_1.5mm.csv,1.5,1.593,1323.785077,80.42279412,162.3254499,2884131.232
004_190℃_003_1.5mm.csv,1.5,1.593,1275.057921,81.92308593,162.2516566,2837356.707
005_190℃_003_1.5mm.csv,1.5,1.593,1263.472625,82.06523013,162.2968662,2819509.757
006_190℃_003_1.5mm.csv,1.5,1.593,1316.453822,80.20716365,162.3201093,2863800.323
007_190℃_003_1.5mm.csv,1.5,1.593,1306.955785,80.78663097,162.2926459,2863716.994
008_190℃_003_1.5mm.csv,1.5,1.593,1263.827444,82.04406939,162.3066982,2819498.126
009_190℃_003_1.5mm.csv,1.5,1.593,1277.165469,81.53186731,162.3611825,2829740.749
010_190℃_003_1.5mm.csv,1.5,1.593,1263.254916,82.12492374,162.3662852,2820735.592
011_190℃_005_1.5mm.csv,1.5,2.655,590.3551216,145.0807271,182.068538,2398492.06
012_190℃_005_1.5mm.csv,1.5,2.655,558.9575578,148.5190529,182.1785531,2337127.977
013_190℃_005_1.5mm.csv,1.5,2.655,562.6177517,148.6641465,182.1750261,2351648.877
014_190℃_005_1.5mm.csv,1.5,2.655,565.1802783,148.6104919,182.1263316,2359809.157
015_190℃_005_1.5mm.csv,1.5,2.655,545.8057557,149.9828591,182.2085995,2310103.767
016_190℃_005_1.5mm.csv,1.5,2.655,546.042688,150.3468717,182.1769036,2315572.608
017_190℃_005_1.5mm.csv,1.5,2.655,558.7395661,149.7390263,182.1952058,2352261.518
018_190℃_005_1.5mm.csv,1.5,2.655,548.788061,150.1823643,182.209714,2323103.434
019_190℃_005_1.5mm.csv,1.5,2.655,556.9169367,149.5311132,182.1450593,2343118.905
020_190℃_005_1.5mm.csv,1.5,2.655,544.081686,150.8523156,182.2077075,2315110.428
021_190℃_010_1.5mm.csv,1.5,5.31,242.1806044,303.3060358,193.4935828,2113960.938
022_190℃_010_1.5mm.csv,1.5,5.31,253.6761969,295.2278526,193.5486487,2147499.022
023_190℃_010_1.5mm.csv,1.5,5.31,236.8495747,307.2466313,193.5203548,2098010.473
024_190℃_010_1.5mm.csv,1.5,5.31,242.4494853,302.1474048,193.5471157,2109322.819
025_190℃_010_1.5mm.csv,1.5,5.31,227.6870351,310.5658954,193.509279,2049956.246
026_190℃_010_1.5mm.csv,1.5,5.31,237.2804948,307.2533743,193.4640652,2101124.346
027_190℃_010_1.5mm.csv,1.5,5.31,240.9165688,304.6789989,193.5007117,2112728.01
028_190℃_010_1.5mm.csv,1.5,5.31,229.0572663,309.2009364,193.4860477,2052604.175
029_190℃_010_1.5mm.csv,1.5,5.31,235.0193214,306.4731508,193.4942918,2080659.001
030_190℃_010_1.5mm.csv,1.5,5.31,227.5049981,312.1794586,193.484121,2057200.299
031_190℃_020_1.5mm.csv,1.5,10.62,114.0086122,630.4886287,195.2292993,2077282.158
032_190℃_020_1.5mm.csv,1.5,10.62,117.7131993,619.9353496,195.262753,2102764.879
033_190℃_020_1.5mm.csv,1.5,10.62,114.11865,629.6379582,195.278749,2076608.737
034_190℃_020_1.5mm.csv,1.5,10.62,115.8983427,622.9420664,195.3743128,2084678.989
035_190℃_020_1.5mm.csv,1.5,10.62,109.3342205,639.5030148,195.3417281,2031500.04
036_190℃_020_1.5mm.csv,1.5,10.62,111.2269997,636.0745116,195.3131595,2050823.056
037_190℃_020_1.5mm.csv,1.5,10.62,114.8938905,626.1460709,195.3007549,2078644.239
038_190℃_020_1.5mm.csv,1.5,10.62,110.8797192,632.8541723,195.3640031,2037325.52
039_190℃_020_1.5mm.csv,1.5,10.62,114.4520968,624.386763,195.3730911,2067480.29
040_190℃_020_1.5mm.csv,1.5,10.62,114.7427748,623.9415278,195.3690284,2070543.785
041_190℃_040_1.5mm.csv,1.5,21.24,62.65300195,1284.521516,196.0897069,2277962.114
042_190℃_040_1.5mm.csv,1.5,21.24,64.9722633,1251.340722,196.141592,2297132.988
043_190℃_040_1.5mm.csv,1.5,21.24,65.51986337,1250.670002,196.0815125,2312071.648
044_190℃_040_1.5mm.csv,1.5,21.24,63.95870547,1261.374899,196.1356724,2282510.56
045_190℃_040_1.5mm.csv,1.5,21.24,62.02961338,1287.593121,196.0988513,2263679.626
046_190℃_040_1.5mm.csv,1.5,21.24,62.36447089,1280.292638,196.1194237,2263071.718
047_190℃_040_1.5mm.csv,1.5,21.24,67.40149845,1233.045623,196.1177565,2339345.373
048_190℃_040_1.5mm.csv,1.5,21.24,59.53185861,1298.460397,196.1400348,2203767.343
049_190℃_040_1.5mm.csv,1.5,21.24,62.18583012,1274.929424,196.0810219,2250055.223
050_190℃_040_1.5mm.csv,1.5,21.24,62.23607026,1276.20784,196.0787361,2253436.881
051_190℃_080_1.5mm.csv,1.5,42.48,36.90708419,2554.744526,198.2510809,2600189.007
052_190℃_080_1.5mm.csv,1.5,42.48,35.49268399,2603.682351,198.2157301,2556585.609
053_190℃_080_1.5mm.csv,1.5,42.48,36.58152274,2564.572266,198.2731523,2589185.287
054_190℃_080_1.5mm.csv,1.5,42.48,37.62645509,2547.307132,198.2653752,2636514.011
055_190℃_080_1.5mm.csv,1.5,42.48,36.39160445,2570.222141,198.3217281,2582728.931
056_190℃_080_1.5mm.csv,1.5,42.48,37.06756464,2554.278416,198.2870163,2609248.765
057_190℃_080_1.5mm.csv,1.5,42.48,35.50964515,2604.651163,198.2998406,2558232.287
058_190℃_080_1.5mm.csv,1.5,42.48,36.93328441,2558.947176,198.259345,2605395.846
059_190℃_080_1.5mm.csv,1.5,42.48,36.91587874,2570.694087,198.2732159,2614432.437
060_190℃_080_1.5mm.csv,1.5,42.48,36.43712904,2574.949421,198.2364346,2589613.701
061_190℃_120_1.5mm.csv,1.5,63.72,27.38253166,3804.347826,200.8707647,2830986.661
062_190℃_120_1.5mm.csv,1.5,63.72,26.48639261,3896.465349,200.9146373,2808172.041
063_190℃_120_1.5mm.csv,1.5,63.72,26.96573555,3855.687139,200.9096748,2826644.14
064_190℃_120_1.5mm.csv,1.5,63.72,25.84328232,3917.179631,200.9288029,2762140.877
065_190℃_120_1.5mm.csv,1.5,63.72,26.07016653,3900.808025,200.9289109,2773107.095
066_190℃_120_1.5mm.csv,1.5,63.72,27.37967158,3805.381897,200.8457903,2831318.478
067_190℃_120_1.5mm.csv,1.5,63.72,28.34054826,3751.339764,200.8847928,2881197.211
068_190℃_120_1.5mm.csv,1.5,63.72,25.24629556,3969.379076,200.9117994,2738546.542
069_190℃_120_1.5mm.csv,1.5,63.72,27.52300424,3795.066414,200.8845572,2837384.349
070_190℃_120_1.5mm.csv,1.5,63.72,26.92723722,3866.335267,200.9310129,2829776.152
071_190℃_160_1.5mm.csv,1.5,84.96,22.71265276,4961.020553,204.7544845,3029282.174
072_190℃_160_1.5mm.csv,1.5,84.96,19.99407003,5225.830534,204.8770691,2838594.241
073_190℃_160_1.5mm.csv,1.5,84.96,23.20381409,4971.590909,204.8767578,3092516.863
074_190℃_160_1.5mm.csv,1.5,84.96,21.56911627,5148.951821,204.8904718,2991557.369
075_190℃_160_1.5mm.csv,1.5,84.96,21.31727848,5065.12301,204.9305114,2919812.514
076_190℃_160_1.5mm.csv,1.5,84.96,20.65468223,5206.39643,204.9515082,2909903.002
077_190℃_160_1.5mm.csv,1.5,84.96,20.62800324,5214.1527,204.9782769,2910043.097
078_190℃_160_1.5mm.csv,1.5,84.96,21.79381093,5124.450952,204.9450273,3006702.595
079_190℃_160_1.5mm.csv,1.5,84.96,22.18929743,5074.302283,204.9583004,3027717.312
080_190℃_160_1.5mm.csv,1.5,84.96,21.06100095,5183.265457,204.9321783,2947805.306
081_190℃_200_1.5mm.csv,1.5,106.2,18.34195779,6161.971831,207.3419759,3037315.566
082_190℃_200_1.5mm.csv,1.5,106.2,18.27668582,6247.211066,207.3474137,3064496.403
083_190℃_200_1.5mm.csv,1.5,106.2,17.32132994,6311.992786,207.3635848,2951176.992
084_190℃_200_1.5mm.csv,1.5,106.2,18.11355821,6170.118995,207.4113368,3008464.365
085_190℃_200_1.5mm.csv,1.5,106.2,17.47060649,6286.484059,207.3781312,2963203.538
086_190℃_200_1.5mm.csv,1.5,106.2,18.97119273,6170.118995,207.3322902,3132011.569
087_190℃_200_1.5mm.csv,1.5,106.2,19.81654692,6076.388889,207.4560858,3210188.04
088_190℃_200_1.5mm.csv,1.5,106.2,17.47144405,6292.134831,207.4950699,2965117.837
089_190℃_200_1.5mm.csv,1.5,106.2,18.12360938,6272.401434,207.439195,3052773.077
090_190℃_200_1.5mm.csv,1.5,106.2,17.0549134,6352.087114,207.4738112,2928136.117
091_190℃_240_1.5mm.csv,1.5,127.44,16.30033791,7268.951194,208.7925915,3164712.818
092_190℃_240_1.5mm.csv,1.5,127.44,16.16095768,7223.942208,208.8550179,3124234.385
093_190℃_240_1.5mm.csv,1.5,127.44,15.88344714,7318.348144,208.9876143,3112565.587
094_190℃_240_1.5mm.csv,1.5,127.44,16.73978063,7220.216606,208.9875256,3220532.705
095_190℃_240_1.5mm.csv,1.5,127.44,17.11264342,7164.790174,209.0393205,3261218.617
096_190℃_240_1.5mm.csv,1.5,127.44,15.81938143,7253.88601,209.1087637,3078192.363
097_190℃_240_1.5mm.csv,1.5,127.44,15.56071799,7314.524556,209.0097508,3055881.593
098_190℃_240_1.5mm.csv,1.5,127.44,16.9844333,7194.244604,209.0198809,3251735.771
099_190℃_240_1.5mm.csv,1.5,127.44,16.91419372,7183.170857,209.0180145,3235911.318
100_190℃_240_1.5mm.csv,1.5,127.44,15.87821107,7268.951194,209.166362,3093897.297
101_190℃_280_1.5mm.csv,1.5,148.68,14.91946708,8036.73938,209.7809835,3198742.409
102_190℃_280_1.5mm.csv,1.5,148.68,14.73389203,8111.239861,209.7728025,3188935.714
103_190℃_280_1.5mm.csv,1.5,148.68,15.49507236,7847.533632,209.7534548,3237750.154
104_190℃_280_1.5mm.csv,1.5,148.68,14.55998638,8177.570093,209.7702477,3178353.786
105_190℃_280_1.5mm.csv,1.5,148.68,15.51133945,7825.600894,209.8698039,3232866.195
106_190℃_280_1.5mm.csv,1.5,148.68,15.29438528,7891.770011,209.9434481,3216611.837
107_190℃_280_1.5mm.csv,1.5,148.68,15.13094035,7981.755986,209.9491002,3218043.161
108_190℃_280_1.5mm.csv,1.5,148.68,14.54138201,8153.756552,210.0305863,3166862.315
109_190℃_280_1.5mm.csv,1.5,148.68,15.33978471,7843.137255,209.8219959,3207905.048
110_190℃_280_1.5mm.csv,1.5,148.68,14.66499152,8092.485549,209.747992,3169391.315
111_190℃_320_1.5mm.csv,1.5,169.92,13.1011844,8816.120907,210.2600706,3095877.758
112_190℃_320_1.5mm.csv,1.5,169.92,15.57840925,8177.570093,210.0971544,3373202.841
113_190℃_320_1.5mm.csv,1.5,169.92,14.28020485,8599.5086,210.1900287,3266547.298
114_190℃_320_1.5mm.csv,1.5,169.92,13.31199699,8843.967151,210.3301411,3147766.085
115_190℃_320_1.5mm.csv,1.5,169.92,15.61760464,8172.796264,210.2611919,3379149.3
116_190℃_320_1.5mm.csv,1.5,169.92,15.24402289,8187.134503,210.2372325,3313003.777
117_190℃_320_1.5mm.csv,1.5,169.92,12.58517704,8962.868118,210.1910872,3032688.799
118_190℃_320_1.5mm.csv,1.5,169.92,15.61225419,8168.028005,210.3452494,3376561.905
119_190℃_320_1.5mm.csv,1.5,169.92,14.98644891,8249.852681,210.4368636,3285143.465
120_190℃_320_1.5mm.csv,1.5,169.92,15.09814547,8254.716981,210.3668708,3308682.234
001_210℃_003_1.5mm.csv,1.5,1.593,1054.260659,86.22388648,176.7566979,2521101.336
002_210℃_003_1.5mm.csv,1.5,1.593,1080.358686,84.61464075,176.7399954,2533048.202
003_210℃_003_1.5mm.csv,1.5,1.593,1089.190185,84.89376152,176.7758639,2557544.285
004_210℃_003_1.5mm.csv,1.5,1.593,1081.068728,84.87523341,176.8862163,2540996.904
005_210℃_003_1.5mm.csv,1.5,1.593,1073.882793,84.49208188,176.8671731,2517166.676
006_210℃_003_1.5mm.csv,1.5,1.593,1010.995435,86.66584128,176.8931193,2444476.577
007_210℃_003_1.5mm.csv,1.5,1.593,1000.810437,87.50437522,176.954377,2443434.202
008_210℃_003_1.5mm.csv,1.5,1.593,996.3458785,87.62486543,176.9502814,2437179.411
009_210℃_003_1.5mm.csv,1.5,1.593,1030.026892,86.57152044,176.9319066,2480662.315
010_210℃_003_1.5mm.csv,1.5,1.593,1025.917091,86.48167824,176.9119725,2470239.754
011_210℃_005_1.5mm.csv,1.5,2.655,497.8674305,151.4823631,199.840636,2159883.349
012_210℃_005_1.5mm.csv,1.5,2.655,482.7435006,153.616573,199.8525576,2130429.11
013_210℃_005_1.5mm.csv,1.5,2.655,494.8069183,151.5151515,199.7922634,2149334.062
014_210℃_005_1.5mm.csv,1.5,2.655,476.7805379,153.9747481,199.8763056,2112951.989
015_210℃_005_1.5mm.csv,1.5,2.655,480.7945971,153.6705304,199.8973656,2124031.848
016_210℃_005_1.5mm.csv,1.5,2.655,475.5410816,154.7782249,199.8253477,2117414.198
017_210℃_005_1.5mm.csv,1.5,2.655,446.6462409,158.7085657,199.8338539,2054087.445
018_210℃_005_1.5mm.csv,1.5,2.655,481.5228392,153.5828689,199.8482444,2125649.337
019_210℃_005_1.5mm.csv,1.5,2.655,466.0548558,154.8672566,199.8159793,2084184.758
020_210℃_005_1.5mm.csv,1.5,2.655,450.3332768,157.2256413,199.7896386,2052196.686
021_210℃_010_1.5mm.csv,1.5,5.31,204.9953614,310.5590062,212.8270268,1885495.691
022_210℃_010_1.5mm.csv,1.5,5.31,207.0622003,309.4743357,212.8947692,1895228.929
023_210℃_010_1.5mm.csv,1.5,5.31,201.463484,315.3011126,212.8865417,1882193.816
024_210℃_010_1.5mm.csv,1.5,5.31,217.5385571,303.4375135,212.9252852,1940231.721
025_210℃_010_1.5mm.csv,1.5,5.31,205.3056046,312.4860497,212.8839611,1896968.902
026_210℃_010_1.5mm.csv,1.5,5.31,202.8575334,314.2677561,212.8557681,1887581.832
027_210℃_010_1.5mm.csv,1.5,5.31,203.2055656,312.5418583,212.7940888,1881977.519
028_210℃_010_1.5mm.csv,1.5,5.31,201.4263214,310.0775194,212.8235534,1857372.995
029_210℃_010_1.5mm.csv,1.5,5.31,205.1748696,312.5418583,212.8584619,1896314.958
030_210℃_010_1.5mm.csv,1.5,5.31,203.8235398,311.9985737,212.8541742,1883874.81
031_210℃_020_1.5mm.csv,1.5,10.62,98.08673265,636.3636364,215.0335418,1856477.192
032_210℃_020_1.5mm.csv,1.5,10.62,103.7244961,620.5123659,215.0745854,1901790.865
033_210℃_020_1.5mm.csv,1.5,10.62,93.05669382,647.4287828,215.0247145,1805794.683
034_210℃_020_1.5mm.csv,1.5,10.62,94.95431115,642.4375918,215.0717295,1823467.888
035_210℃_020_1.5mm.csv,1.5,10.62,101.0245965,626.8469598,215.129078,1877640.117
036_210℃_020_1.5mm.csv,1.5,10.62,100.2959139,631.940056,215.1292993,1878917.397
037_210℃_020_1.5mm.csv,1.5,10.62,99.41678912,633.1117442,215.1217767,1868685.125
038_210℃_020_1.5mm.csv,1.5,10.62,99.28301621,631.1139161,215.1681782,1862084.876
039_210℃_020_1.5mm.csv,1.5,10.62,95.96772199,643.8557763,215.0942139,1841796.836
040_210℃_020_1.5mm.csv,1.5,10.62,98.94581061,632.7969626,215.0980766,1860986.622
041_210℃_040_1.5mm.csv,1.5,21.24,53.87468796,1292.586095,215.565906,2024999.565
042_210℃_040_1.5mm.csv,1.5,21.24,54.59102081,1281.229981,215.6114377,2032043.531
043_210℃_040_1.5mm.csv,1.5,21.24,51.70242003,1312.951327,215.5820085,1983977.033
044_210℃_040_1.5mm.csv,1.5,21.24,54.40796824,1285.229046,215.6632934,2031649.424
045_210℃_040_1.5mm.csv,1.5,21.24,54.02703345,1294.139397,215.6800295,2031461.937
046_210℃_040_1.5mm.csv,1.5,21.24,54.22144238,1291.036518,215.6580699,2033466.34
047_210℃_040_1.5mm.csv,1.5,21.24,55.38702704,1277.372263,215.6465193,2050932.208
048_210℃_040_1.5mm.csv,1.5,21.24,55.0725412,1277.605402,215.6792903,2041818.218
049_210℃_040_1.5mm.csv,1.5,21.24,56.41106764,1266.853678,215.7109156,2067611.675
050_210℃_040_1.5mm.csv,1.5,21.24,53.28948949,1299.18337,215.7041625,2015582.121
051_210℃_080_1.5mm.csv,1.5,42.48,31.98297835,2607.07635,217.3216492,2345626.083
052_210℃_080_1.5mm.csv,1.5,42.48,31.41459586,2609.019754,217.4050126,2312556.053
053_210℃_080_1.5mm.csv,1.5,42.48,30.61753032,2658.564375,217.365863,2299534.175
054_210℃_080_1.5mm.csv,1.5,42.48,31.75796333,2609.992543,217.2576484,2334294.68
055_210℃_080_1.5mm.csv,1.5,42.48,32.58185655,2560.351134,217.3129488,2346498.29
056_210℃_080_1.5mm.csv,1.5,42.48,32.30763276,2574.949421,217.2989029,2341179.419
057_210℃_080_1.5mm.csv,1.5,42.48,31.28416924,2625.656414,217.3150235,2316806.845
058_210℃_080_1.5mm.csv,1.5,42.48,31.20565221,2621.722846,217.3271266,2309122.466
059_210℃_080_1.5mm.csv,1.5,42.48,31.79997062,2593.072791,217.3212983,2324384.154
060_210℃_080_1.5mm.csv,1.5,42.48,31.33904329,2611.940299,217.3337216,2310082.446
061_210℃_120_1.5mm.csv,1.5,63.72,24.97169726,3790.955862,219.1412929,2609069.318
062_210℃_120_1.5mm.csv,1.5,63.72,24.17885501,3869.541183,219.1336848,2583534.126
063_210℃_120_1.5mm.csv,1.5,63.72,25.1039743,3777.657852,219.1886517,2613107.459
064_210℃_120_1.5mm.csv,1.5,63.72,24.18244235,3855.687139,219.1813694,2576084.468
065_210℃_120_1.5mm.csv,1.5,63.72,22.68074792,3975.014196,219.2330079,2503708.91
066_210℃_120_1.5mm.csv,1.5,63.72,24.9847425,3773.584906,219.1851344,2600416.793
067_210℃_120_1.5mm.csv,1.5,63.72,22.84192244,3955.919751,219.2055278,2508944.919
068_210℃_120_1.5mm.csv,1.5,63.72,25.38601601,3748.32664,219.2134112,2620722.087
069_210℃_120_1.5mm.csv,1.5,63.72,23.31782022,3907.340218,219.2460903,2525978.009
070_210℃_120_1.5mm.csv,1.5,63.72,23.28762826,3906.25,219.2372224,2522753.552
071_210℃_160_1.5mm.csv,1.5,84.96,17.73946479,5291.005291,221.6667528,2590530.247
072_210℃_160_1.5mm.csv,1.5,84.96,20.88996452,4933.051445,221.6707616,2804991.916
073_210℃_160_1.5mm.csv,1.5,84.96,19.34246613,5065.12301,221.680294,2686597.509
074_210℃_160_1.5mm.csv,1.5,84.96,20.66967821,4920.913884,221.6821889,2773493.884
075_210℃_160_1.5mm.csv,1.5,84.96,20.04751132,4987.531172,221.7332533,2733507.929
076_210℃_160_1.5mm.csv,1.5,84.96,19.3088906,5052.32768,221.7104145,2676586.732
077_210℃_160_1.5mm.csv,1.5,84.96,20.20845955,4962.779156,221.6701114,2740625.147
078_210℃_160_1.5mm.csv,1.5,84.96,19.50491262,5025.125628,221.7637284,2687198.72
079_210℃_160_1.5mm.csv,1.5,84.96,18.97568123,5175.600739,221.757876,2691666.409
080_210℃_160_1.5mm.csv,1.5,84.96,19.96029658,5070.626585,221.8117859,2762273.858
081_210℃_200_1.5mm.csv,1.5,106.2,16.97489849,6151.142355,224.0502656,2837022.512
082_210℃_200_1.5mm.csv,1.5,106.2,16.28736622,6200.177148,224.1145629,2756813.033
083_210℃_200_1.5mm.csv,1.5,106.2,16.62684421,6238.85918,224.0678565,2820990.903
084_210℃_200_1.5mm.csv,1.5,106.2,16.10777591,6286.484059,224.0680008,2762895.121
085_210℃_200_1.5mm.csv,1.5,106.2,16.56708237,6255.585344,224.0702471,2818363.145
086_210℃_200_1.5mm.csv,1.5,106.2,16.49649341,6172.839506,224.0035776,2776508.202
087_210℃_200_1.5mm.csv,1.5,106.2,16.71179196,6258.381761,224.0539107,2840551.442
088_210℃_200_1.5mm.csv,1.5,106.2,17.97723997,6024.096386,224.1314931,2927423.274
089_210℃_200_1.5mm.csv,1.5,106.2,16.6076837,6255.585344,224.1020485,2824668.02
090_210℃_200_1.5mm.csv,1.5,106.2,16.92616424,6116.207951,224.0591826,2816275.283
091_210℃_240_1.5mm.csv,1.5,127.44,14.29147792,7295.466389,225.4305201,2833324.905
092_210℃_240_1.5mm.csv,1.5,127.44,15.34558858,7212.776919,225.4655066,2983460.306
093_210℃_240_1.5mm.csv,1.5,127.44,14.98996776,7253.88601,225.4270583,2937672.793
094_210℃_240_1.5mm.csv,1.5,127.44,15.12694467,7227.671657,225.4421569,2951175.075
095_210℃_240_1.5mm.csv,1.5,127.44,15.49944204,7186.858316,225.4192682,2999360.574
096_210℃_240_1.5mm.csv,1.5,127.44,14.32412354,7265.179035,225.4745207,2828387.833
097_210℃_240_1.5mm.csv,1.5,127.44,15.50094732,7168.458781,225.5199671,2993766.471
098_210℃_240_1.5mm.csv,1.5,127.44,14.74364771,7242.628039,225.3933285,2891995.235
099_210℃_240_1.5mm.csv,1.5,127.44,15.1450287,7201.646091,225.4655901,2945424.196
100_210℃_240_1.5mm.csv,1.5,127.44,14.78467068,7209.062822,225.3802528,2887257.773
101_210℃_280_1.5mm.csv,1.5,148.68,13.70716111,7941.009643,226.2971637,2940094.957
102_210℃_280_1.5mm.csv,1.5,148.68,12.93457882,8288.92836,226.3633309,2902390.094
103_210℃_280_1.5mm.csv,1.5,148.68,14.1678197,7825.600894,226.3031837,2987702.345
104_210℃_280_1.5mm.csv,1.5,148.68,13.26087,8201.52314,226.4259133,2938815.492
105_210℃_280_1.5mm.csv,1.5,148.68,13.96747624,7914.075749,226.3751559,2979591.213
106_210℃_280_1.5mm.csv,1.5,148.68,13.41315169,8064.516129,226.4369564,2924106.424
107_210℃_280_1.5mm.csv,1.5,148.68,14.48910706,7751.937984,226.320945,3020874.903
108_210℃_280_1.5mm.csv,1.5,148.68,14.01176694,7882.882883,226.2532676,2977981.342
109_210℃_280_1.5mm.csv,1.5,148.68,13.87286644,7954.545455,226.4342614,2975023.22
110_210℃_280_1.5mm.csv,1.5,148.68,13.87325621,7932.011331,226.3815609,2967777.57
111_210℃_320_1.5mm.csv,1.5,169.92,11.12107751,9120.521173,226.8222008,2767567.179
112_210℃_320_1.5mm.csv,1.5,169.92,11.21905148,9085.009734,226.7754624,2778823.147
113_210℃_320_1.5mm.csv,1.5,169.92,12.56891671,8620.689655,226.8204979,2928734.309
114_210℃_320_1.5mm.csv,1.5,169.92,13.94446712,8264.46281,226.899647,3089255.475
115_210℃_320_1.5mm.csv,1.5,169.92,14.03164543,8215.962441,226.7896196,3091001.907
116_210℃_320_1.5mm.csv,1.5,169.92,12.295092,8706.467662,226.8477056,2898507.231
117_210℃_320_1.5mm.csv,1.5,169.92,13.35063064,8484.848485,226.7338332,3044033.374
118_210℃_320_1.5mm.csv,1.5,169.92,11.77904084,8922.880816,226.8654674,2853109.802
119_210℃_320_1.5mm.csv,1.5,169.92,11.99133683,8871.989861,226.8370438,2882452.576
120_210℃_320_1.5mm.csv,1.5,169.92,12.53885031,8610.086101,226.8800193,2919833.443
001_230℃_003_1.5mm.csv,1.5,1.593,931.7101929,87.83817698,191.408969,2309710.738
002_230℃_003_1.5mm.csv,1.5,1.593,899.7229348,88.71540099,191.7173831,2262510.386
003_230℃_003_1.5mm.csv,1.5,1.593,882.1273668,89.56904494,191.8855551,2243611.325
004_230℃_003_1.5mm.csv,1.5,1.593,893.7060851,88.85052803,192.0688396,2252833.431
005_230℃_003_1.5mm.csv,1.5,1.593,888.0535629,88.53363013,192.1531424,2234562.822
006_230℃_003_1.5mm.csv,1.5,1.593,849.3516332,90.77234296,192.2386697,2198953.325
007_230℃_003_1.5mm.csv,1.5,1.593,879.3784168,89.19015341,192.3564694,2230110.328
008_230℃_003_1.5mm.csv,1.5,1.593,865.1761872,89.96504216,192.405772,2216198.312
009_230℃_003_1.5mm.csv,1.5,1.593,899.6621266,88.77390554,192.4100008,2263568.838
010_230℃_003_1.5mm.csv,1.5,1.593,862.2298048,90.41357754,192.4610328,2219100.27
011_230℃_005_1.5mm.csv,1.5,2.655,437.7912093,154.3482096,218.39435,1976754.485
012_230℃_005_1.5mm.csv,1.5,2.655,431.2444557,155.1899969,218.4341744,1961635.518
013_230℃_005_1.5mm.csv,1.5,2.655,428.1172035,155.8950604,218.4839542,1957310.03
014_230℃_005_1.5mm.csv,1.5,2.655,444.7178504,151.8965368,218.4650544,1976233.008
015_230℃_005_1.5mm.csv,1.5,2.655,415.3865461,157.6789656,218.423949,1928337.847
016_230℃_005_1.5mm.csv,1.5,2.655,430.6127265,155.6108839,218.4745499,1963546.781
017_230℃_005_1.5mm.csv,1.5,2.655,415.0467545,157.4448943,218.4582258,1924937.425
018_230℃_005_1.5mm.csv,1.5,2.655,411.1008891,157.9351112,218.4568134,1915080.54
019_230℃_005_1.5mm.csv,1.5,2.655,403.1327147,159.7444089,218.4909054,1902681.155
020_230℃_005_1.5mm.csv,1.5,2.655,421.6187003,156.7678939,218.4572115,1942251.694
021_230℃_010_1.5mm.csv,1.5,5.31,176.7660323,316.1626883,232.71417,1704035.019
022_230℃_010_1.5mm.csv,1.5,5.31,188.1130014,307.4220466,232.7379125,1749378.322
023_230℃_010_1.5mm.csv,1.5,5.31,186.1205069,307.4152961,232.7583999,1735056.906
024_230℃_010_1.5mm.csv,1.5,5.31,170.1889823,322.8707825,232.8272283,1682149.322
025_230℃_010_1.5mm.csv,1.5,5.31,181.0423553,313.0170371,232.7696332,1722292.867
026_230℃_010_1.5mm.csv,1.5,5.31,178.5611868,313.3463148,232.8453595,1705550.063
027_230℃_010_1.5mm.csv,1.5,5.31,182.2224754,311.6304953,232.7972162,1725009.287
028_230℃_010_1.5mm.csv,1.5,5.31,177.6199233,315.6423321,232.784328,1708170.265
029_230℃_010_1.5mm.csv,1.5,5.31,178.690824,313.9154222,232.747151,1708859.018
030_230℃_010_1.5mm.csv,1.5,5.31,157.6569514,332.7075263,232.7821805,1623953.153
031_230℃_020_1.5mm.csv,1.5,10.62,81.0009012,646.770766,235.2561284,1622440.081
032_230℃_020_1.5mm.csv,1.5,10.62,82.68557468,640.9962914,235.300332,1636700.259
033_230℃_020_1.5mm.csv,1.5,10.62,87.66399812,633.6561963,235.2745737,1696160.703
034_230℃_020_1.5mm.csv,1.5,10.62,92.640262,612.1824304,235.2930266,1723323.342
035_230℃_020_1.5mm.csv,1.5,10.62,85.47280718,627.9716516,235.296132,1652446.206
036_230℃_020_1.5mm.csv,1.5,10.62,83.88873174,634.8342629,235.2693445,1642644.993
037_230℃_020_1.5mm.csv,1.5,10.62,85.26685834,637.2615959,235.2659775,1667909.186
038_230℃_020_1.5mm.csv,1.5,10.62,84.53672509,631.1139161,235.2480293,1644905.732
039_230℃_020_1.5mm.csv,1.5,10.62,89.59207061,622.6927012,235.2100146,1701748.288
040_230℃_020_1.5mm.csv,1.5,10.62,87.28310391,629.7229219,235.1607557,1682521.119
041_230℃_040_1.5mm.csv,1.5,21.24,51.84439444,1240.03543,235.8405407,1900086.37
042_230℃_040_1.5mm.csv,1.5,21.24,48.53984318,1285.937356,235.8376226,1856470.78
043_230℃_040_1.5mm.csv,1.5,21.24,48.545654,1283.814764,235.8296365,1854358.611
044_230℃_040_1.5mm.csv,1.5,21.24,45.39553453,1334.858886,235.8850591,1814039.852
045_230℃_040_1.5mm.csv,1.5,21.24,48.11511422,1280.175567,235.8847058,1837300.495
046_230℃_040_1.5mm.csv,1.5,21.24,49.04901064,1273.074475,235.8674527,1857044.832
047_230℃_040_1.5mm.csv,1.5,21.24,49.17959696,1271.91787,235.8891132,1859559.194
048_230℃_040_1.5mm.csv,1.5,21.24,49.34376069,1271.686802,235.8286043,1864211.406
049_230℃_040_1.5mm.csv,1.5,21.24,49.06694957,1274.349172,235.8620651,1859016.509
050_230℃_040_1.5mm.csv,1.5,21.24,45.79167531,1308.900524,235.8479838,1798567.561
051_230℃_080_1.5mm.csv,1.5,42.48,28.01930378,2611.940299,237.5204476,2107765.353
052_230℃_080_1.5mm.csv,1.5,42.48,29.0726609,2557.077626,237.4219093,2134847.86
053_230℃_080_1.5mm.csv,1.5,42.48,28.21538973,2612.915267,237.4501604,2120355.526
054_230℃_080_1.5mm.csv,1.5,42.48,27.09564453,2659.069326,237.449582,2081181.601
055_230℃_080_1.5mm.csv,1.5,42.48,28.06515533,2604.651163,237.4175912,2105859.643
056_230℃_080_1.5mm.csv,1.5,42.48,27.7844368,2622.213898,237.4163909,2100120.002
057_230℃_080_1.5mm.csv,1.5,42.48,28.76085881,2576.370997,237.3886212,2129165.404
058_230℃_080_1.5mm.csv,1.5,42.48,26.48408129,2668.191347,237.415566,2048936.078
059_230℃_080_1.5mm.csv,1.5,42.48,27.8101741,2628.614345,237.4481299,2105966.88
060_230℃_080_1.5mm.csv,1.5,42.48,26.97452085,2637.031456,237.3677243,2059914.195
061_230℃_120_1.5mm.csv,1.5,63.72,22.01795482,3809.52381,238.9386407,2357314.98
062_230℃_120_1.5mm.csv,1.5,63.72,21.62649139,3826.182017,238.9406631,2330791.682
063_230℃_120_1.5mm.csv,1.5,63.72,21.91334672,3834.565872,239.0141979,2361042.103
064_230℃_120_1.5mm.csv,1.5,63.72,21.17094176,3895.381191,238.9952865,2324616.475
065_230℃_120_1.5mm.csv,1.5,63.72,20.01782784,3981.797497,238.979827,2259916.677
066_230℃_120_1.5mm.csv,1.5,63.72,20.1963072,3968.253968,238.9907628,2270318.859
067_230℃_120_1.5mm.csv,1.5,63.72,20.04441081,3985.197837,238.962829,2264292.37
068_230℃_120_1.5mm.csv,1.5,63.72,20.89617129,3928.170595,238.9425671,2315764.345
069_230℃_120_1.5mm.csv,1.5,63.72,20.20054643,3962.637985,238.9545269,2268170.827
070_230℃_120_1.5mm.csv,1.5,63.72,20.16651976,3993.154592,238.9842155,2279150.158
071_230℃_160_1.5mm.csv,1.5,84.96,20.82740168,3897.550111,240.82516,2294555.779
072_230℃_160_1.5mm.csv,1.5,84.96,22.49977794,3761.418592,240.8068595,2375045.536
073_230℃_160_1.5mm.csv,1.5,84.96,21.23391983,3893.214683,240.8230527,2329054.896
074_230℃_160_1.5mm.csv,1.5,84.96,21.7196974,3815.753611,240.7737251,2334134.908
075_230℃_160_1.5mm.csv,1.5,84.96,21.1088201,3921.568627,240.789212,2332023.519
076_230℃_160_1.5mm.csv,1.5,84.96,22.39700756,3773.584906,240.8206055,2372495.822
077_230℃_160_1.5mm.csv,1.5,84.96,21.37667246,3874.896208,240.7984349,2332790.184
078_230℃_160_1.5mm.csv,1.5,84.96,21.85645788,3806.416531,240.826928,2341686.5
079_230℃_160_1.5mm.csv,1.5,84.96,21.97571504,3802.281369,240.8276879,2349703.904
080_230℃_160_1.5mm.csv,1.5,84.96,22.66593619,3743.315508,240.8230189,2380006.979
081_230℃_200_1.5mm.csv,1.5,106.2,14.66456225,6289.308176,242.6621373,2552308.199
082_230℃_200_1.5mm.csv,1.5,106.2,14.43572097,6297.795771,242.6486822,2521440.749
083_230℃_200_1.5mm.csv,1.5,106.2,15.29097,6132.282085,242.6513572,2588657.212
084_230℃_200_1.5mm.csv,1.5,106.2,15.96166679,6145.741879,242.6514758,2688940.284
085_230℃_200_1.5mm.csv,1.5,106.2,15.12433967,6134.969325,242.6632179,2565564.018
086_230℃_200_1.5mm.csv,1.5,106.2,14.31956661,6278.026906,242.69538,2498135.257
087_230℃_200_1.5mm.csv,1.5,106.2,14.71339661,6283.662478,242.7179578,2557567.06
088_230℃_200_1.5mm.csv,1.5,106.2,15.73982559,6081.668115,242.648935,2633859.568
089_230℃_200_1.5mm.csv,1.5,106.2,15.57250159,6172.839506,242.7152076,2643002.687
090_230℃_200_1.5mm.csv,1.5,106.2,15.17629125,6081.668115,242.6911413,2553694.061
091_230℃_240_1.5mm.csv,1.5,127.44,12.97666451,7261.410788,243.9654415,2598748.009
092_230℃_240_1.5mm.csv,1.5,127.44,13.44629367,7209.062822,243.9158103,2662410.154
093_230℃_240_1.5mm.csv,1.5,127.44,13.20632163,7280.291212,243.99667,2644038.802
094_230℃_240_1.5mm.csv,1.5,127.44,13.05365292,7246.376812,244.0210573,2607347.562
095_230℃_240_1.5mm.csv,1.5,127.44,12.99688145,7295.466389,243.97795,2612895.589
096_230℃_240_1.5mm.csv,1.5,127.44,13.19021921,7250.129467,243.9628057,2631761.333
097_230℃_240_1.5mm.csv,1.5,127.44,13.03084677,7231.404959,243.926013,2598743.674
098_230℃_240_1.5mm.csv,1.5,127.44,12.39338302,7403.490217,243.8895052,2541083.524
099_230℃_240_1.5mm.csv,1.5,127.44,13.82031159,7197.943445,243.8301845,2721187.914
100_230℃_240_1.5mm.csv,1.5,127.44,14.08996288,7139.214686,243.8738435,2747699.565
101_230℃_280_1.5mm.csv,1.5,148.68,11.36383251,8338.296605,244.8111042,2611103.46
102_230℃_280_1.5mm.csv,1.5,148.68,13.00052736,7717.750827,244.7601254,2741395.645
103_230℃_280_1.5mm.csv,1.5,148.68,13.41403135,7671.232877,244.7522116,2801676.515
104_230℃_280_1.5mm.csv,1.5,148.68,11.80447964,8274.231678,244.7829196,2679418.542
105_230℃_280_1.5mm.csv,1.5,148.68,12.4908289,7986.309184,244.7845128,2728470.479
106_230℃_280_1.5mm.csv,1.5,148.68,12.03042905,8078.47663,244.7333828,2668646.56
107_230℃_280_1.5mm.csv,1.5,148.68,11.89345268,8269.344359,244.7720189,2695078.266
108_230℃_280_1.5mm.csv,1.5,148.68,13.57677264,7608.695652,244.8253424,2811179.896
109_230℃_280_1.5mm.csv,1.5,148.68,12.55268138,7968.12749,244.757688,2734208.368
110_230℃_280_1.5mm.csv,1.5,148.68,11.86082492,8211.143695,244.66084,2672673.362
111_230℃_320_1.5mm.csv,1.5,169.92,12.95252471,8092.485549,245.313147,2846729.007
112_230℃_320_1.5mm.csv,1.5,169.92,10.56338055,8855.154965,245.3219545,2582846.178
113_230℃_320_1.5mm.csv,1.5,169.92,13.00277397,8087.810514,245.2554545,2854041.242
114_230℃_320_1.5mm.csv,1.5,169.92,11.01785955,8750,245.23885,2650463.768
115_230℃_320_1.5mm.csv,1.5,169.92,11.65782318,8547.008547,245.2422405,2725903.29
116_230℃_320_1.5mm.csv,1.5,169.92,12.59173867,8182.349503,245.2871602,2804125.273
117_230℃_320_1.5mm.csv,1.5,169.92,13.22950939,8055.235903,245.1532157,2887199.85
118_230℃_320_1.5mm.csv,1.5,169.92,11.95573761,8443.908323,245.2417578,2756636.638
119_230℃_320_1.5mm.csv,1.5,169.92,12.21604103,8378.216637,245.2369309,2789197.669
120_230℃_320_1.5mm.csv,1.5,169.92,12.51494617,8191.925102,245.2436322,2792558.286
001_190℃_003_2.0mm.csv,2,1.593,1261.278344,57.27689286,174.9197666,1664281.656
002_190℃_003_2.0mm.csv,2,1.593,1231.210437,58.1897985,174.9437912,1653778.202
003_190℃_003_2.0mm.csv,2,1.593,1294.123623,56.20985011,174.9196456,1673040.993
004_190℃_003_2.0mm.csv,2,1.593,1369.258703,54.43234837,174.9556788,1704334.789
005_190℃_003_2.0mm.csv,2,1.593,1370.710785,54.31633835,174.9742516,1702999.531
006_190℃_003_2.0mm.csv,2,1.593,1482.867101,52.19102911,175.014643,1754381.985
007_190℃_003_2.0mm.csv,2,1.593,1611.75812,49.62474242,174.8824706,1799718.33
008_190℃_003_2.0mm.csv,2,1.593,1361.631584,54.22545394,174.8757798,1692202.115
009_190℃_003_2.0mm.csv,2,1.593,1467.479779,52.01831045,174.9242885,1735924.392
010_190℃_003_2.0mm.csv,2,1.593,1520.97141,51.09290149,174.9462202,1759953.787
011_190℃_005_2.0mm.csv,2,2.655,762.2834975,89.99280058,188.5451866,1600504.595
012_190℃_005_2.0mm.csv,2,2.655,765.116753,89.98508819,188.7158977,1604863.411
013_190℃_005_2.0mm.csv,2,2.655,676.0562512,93.34163037,188.7252965,1504335.81
014_190℃_005_2.0mm.csv,2,2.655,712.8370594,93.02243169,188.8045464,1560425.126
015_190℃_005_2.0mm.csv,2,2.655,600.0886362,98.56378485,188.8605026,1435102.384
016_190℃_005_2.0mm.csv,2,2.655,633.8342168,96.40987972,188.7554053,1469407.011
017_190℃_005_2.0mm.csv,2,2.655,618.2065439,98.63971141,188.8175587,1467175.645
018_190℃_005_2.0mm.csv,2,2.655,581.3147267,99.18198477,188.8062498,1409038.524
019_190℃_005_2.0mm.csv,2,2.655,633.5498652,95.18629317,188.8997112,1455365.532
020_190℃_005_2.0mm.csv,2,2.655,721.5657208,91.61184498,188.8126796,1556851.546
021_190℃_010_2.0mm.csv,2,5.31,262.6768684,204.6703832,194.6276028,1340878.077
022_190℃_010_2.0mm.csv,2,5.31,344.3574462,181.6671857,194.8096659,1494794.768
023_190℃_010_2.0mm.csv,2,5.31,348.9191896,180.0288046,194.8544909,1499283.344
024_190℃_010_2.0mm.csv,2,5.31,322.3164641,186.8127958,194.873659,1453748.357
025_190℃_010_2.0mm.csv,2,5.31,325.6210643,183.0607762,194.9494651,1443159.633
026_190℃_010_2.0mm.csv,2,5.31,357.8387108,172.4081311,194.7939055,1479703.863
027_190℃_010_2.0mm.csv,2,5.31,315.7272399,182.894966,194.8606809,1410544.831
028_190℃_010_2.0mm.csv,2,5.31,343.7796615,179.4258373,194.8584618,1479484.493
029_190℃_010_2.0mm.csv,2,5.31,262.8951992,199.6273623,194.6874674,1318428.556
030_190℃_010_2.0mm.csv,2,5.31,348.6394469,177.4248057,194.8392167,1482504.836
031_190℃_020_2.0mm.csv,2,10.62,154.1404859,373.6255916,195.328148,1407854.785
032_190℃_020_2.0mm.csv,2,10.62,164.6688943,357.6172474,195.5342456,1430557.673
033_190℃_020_2.0mm.csv,2,10.62,147.4044588,383.3235981,195.5720505,1388838.723
034_190℃_020_2.0mm.csv,2,10.62,158.4047949,366.8122271,195.5637517,1416851.996
035_190℃_020_2.0mm.csv,2,10.62,141.1842638,390.5378264,195.6044687,1364916.222
036_190℃_020_2.0mm.csv,2,10.62,144.5435949,384.1650812,195.6178911,1371763.505
037_190℃_020_2.0mm.csv,2,10.62,161.3092671,363.7245393,195.569618,1426772.893
038_190℃_020_2.0mm.csv,2,10.62,150.2763727,376.4115433,195.4728545,1389910.848
039_190℃_020_2.0mm.csv,2,10.62,149.6829221,379.1161179,195.4827934,1393092.396
040_190℃_020_2.0mm.csv,2,10.62,148.7335038,377.6978417,195.4399926,1383106.402
041_190℃_040_2.0mm.csv,2,21.24,89.64546922,744.8393275,195.8080533,1568587.463
042_190℃_040_2.0mm.csv,2,21.24,78.94816358,784.6947164,195.8584355,1484143.2
043_190℃_040_2.0mm.csv,2,21.24,83.48543361,772.9681979,195.8680016,1529329.107
044_190℃_040_2.0mm.csv,2,21.24,80.43095559,777.4322523,195.902945,1494346.902
045_190℃_040_2.0mm.csv,2,21.24,85.22437916,758.9447055,195.8603848,1532014.918
046_190℃_040_2.0mm.csv,2,21.24,83.55723391,775.823851,195.8259039,1534516.86
047_190℃_040_2.0mm.csv,2,21.24,80.91758252,774.5076344,195.8171156,1496791.801
048_190℃_040_2.0mm.csv,2,21.24,85.6685059,761.6422458,195.801354,1541873.573
049_190℃_040_2.0mm.csv,2,21.24,83.12057194,763.2478011,195.6897212,1510247.426
050_190℃_040_2.0mm.csv,2,21.24,89.60199012,740.3229218,195.6946131,1560935.437
051_190℃_080_2.0mm.csv,2,42.48,47.88042374,1565.762004,196.9159784,1711996.131
052_190℃_080_2.0mm.csv,2,42.48,52.44668322,1503.006012,197.0468804,1779583.715
053_190℃_080_2.0mm.csv,2,42.48,51.83058104,1511.008778,197.0800798,1770668.911
054_190℃_080_2.0mm.csv,2,42.48,51.78255877,1512.9683,197.1449807,1771102.545
055_190℃_080_2.0mm.csv,2,42.48,48.67128381,1558.557221,197.0918643,1727677.743
056_190℃_080_2.0mm.csv,2,42.48,47.97053497,1559.483143,197.0803955,1709258.303
057_190℃_080_2.0mm.csv,2,42.48,47.82462525,1557.632399,197.0682315,1703692.379
058_190℃_080_2.0mm.csv,2,42.48,48.46429721,1550.502067,196.9479177,1715081.06
059_190℃_080_2.0mm.csv,2,42.48,51.44436947,1518.877477,197.009372,1767550.826
060_190℃_080_2.0mm.csv,2,42.48,49.49174716,1532.622975,196.9890971,1727604.898
061_190℃_120_2.0mm.csv,2,63.72,35.67230999,2351.62374,197.9239639,1868370.849
062_190℃_120_2.0mm.csv,2,63.72,38.47171948,2257.579015,198.2982267,1920005.681
063_190℃_120_2.0mm.csv,2,63.72,37.01802745,2300.613497,198.4845032,1890385.31
064_190℃_120_2.0mm.csv,2,63.72,35.6040621,2339.051014,198.4890416,1857417.953
065_190℃_120_2.0mm.csv,2,63.72,37.38543518,2304.653205,198.4653478,1907957.056
066_190℃_120_2.0mm.csv,2,63.72,37.60281586,2272.727273,198.501527,1895806.472
067_190℃_120_2.0mm.csv,2,63.72,34.76614808,2355.316285,198.4607582,1833434.144
068_190℃_120_2.0mm.csv,2,63.72,37.97667617,2267.328871,198.4483568,1907224.724
069_190℃_120_2.0mm.csv,2,63.72,38.37698527,2261.468878,198.4618866,1919212.312
070_190℃_120_2.0mm.csv,2,63.72,35.09921265,2380.412605,198.3958278,1862167.239
071_190℃_160_2.0mm.csv,2,84.96,27.30544713,3218.88412,200.2738348,1938307.701
072_190℃_160_2.0mm.csv,2,84.96,26.83648088,3261.882572,200.2759204,1932306.957
073_190℃_160_2.0mm.csv,2,84.96,27.5710438,3201.219512,200.323047,1944827.23
074_190℃_160_2.0mm.csv,2,84.96,29.82059665,3114.802729,200.3464116,2025897.184
075_190℃_160_2.0mm.csv,2,84.96,32.39313241,2981.260647,200.3205272,2090019.535
076_190℃_160_2.0mm.csv,2,84.96,27.35656637,3204.150137,200.3602232,1934291.517
077_190℃_160_2.0mm.csv,2,84.96,30.97566501,3047.895501,200.3324315,2052719.487
078_190℃_160_2.0mm.csv,2,84.96,28.26413371,3133.393017,200.2794993,1949907.053
079_190℃_160_2.0mm.csv,2,84.96,28.58978533,3174.123337,200.282162,1988469.547
080_190℃_160_2.0mm.csv,2,84.96,28.48409967,3132.458234,200.3314218,1961866.576
081_190℃_200_2.0mm.csv,2,106.2,27.02369353,3779.697624,202.6543777,2187882.727
082_190℃_200_2.0mm.csv,2,106.2,27.96534423,3685.503686,202.6456497,2203923.915
083_190℃_200_2.0mm.csv,2,106.2,27.28820003,3770.197487,202.6782701,2200914.558
084_190℃_200_2.0mm.csv,2,106.2,23.90078752,3883.136095,202.7191179,2024327.745
085_190℃_200_2.0mm.csv,2,106.2,26.56324002,3776.978417,202.6928056,2155874.012
086_190℃_200_2.0mm.csv,2,106.2,23.68295351,3878.832656,202.7485071,2007999.843
087_190℃_200_2.0mm.csv,2,106.2,26.61631367,3694.581281,202.6854561,2120907.32
088_190℃_200_2.0mm.csv,2,106.2,23.92261016,3910.614525,202.5940459,2037753.046
089_190℃_200_2.0mm.csv,2,106.2,24.26029647,3805.726713,202.6506994,2015763.101
090_190℃_200_2.0mm.csv,2,106.2,26.9823358,3758.052971,202.5861026,2174722.318
091_190℃_240_2.0mm.csv,2,127.44,24.27693981,4276.985743,203.7526477,2217386.4
092_190℃_240_2.0mm.csv,2,127.44,22.60294304,4382.30384,203.7913171,2133450.543
093_190℃_240_2.0mm.csv,2,127.44,23.86778731,4329.896907,203.9536276,2208602.876
094_190℃_240_2.0mm.csv,2,127.44,23.34402078,4278.728606,203.9346294,2148266.685
095_190℃_240_2.0mm.csv,2,127.44,23.70894653,4252.7339,204.0854026,2164937.999
096_190℃_240_2.0mm.csv,2,127.44,23.28610745,4426.644182,204.1967555,2204136.896
097_190℃_240_2.0mm.csv,2,127.44,22.58108739,4356.846473,204.164765,2122122.038
098_190℃_240_2.0mm.csv,2,127.44,24.15290499,4365.904366,204.1707769,2246004.7
099_190℃_240_2.0mm.csv,2,127.44,24.03677493,4264.825345,204.3104182,2194603.432
100_190℃_240_2.0mm.csv,2,127.44,22.49726771,4492.939666,204.1473283,2169560.923
101_190℃_280_2.0mm.csv,2,148.68,20.93293431,5021.520803,205.2725697,2240283.711
102_190℃_280_2.0mm.csv,2,148.68,20.8240497,5033.557047,205.4847111,2234703.398
103_190℃_280_2.0mm.csv,2,148.68,21.45986762,4883.72093,205.3954695,2234132.795
104_190℃_280_2.0mm.csv,2,148.68,22.17393552,4757.589488,205.4133146,2246278.572
105_190℃_280_2.0mm.csv,2,148.68,21.26126277,4950.49505,205.5565097,2242604.137
106_190℃_280_2.0mm.csv,2,148.68,21.01971955,4988.123515,205.3018031,2235144.591
107_190℃_280_2.0mm.csv,2,148.68,21.41721033,4920.337395,205.4332688,2244537.648
108_190℃_280_2.0mm.csv,2,148.68,20.96317366,5004.766444,205.5167702,2236491.027
109_190℃_280_2.0mm.csv,2,148.68,22.08959768,4801.097394,205.5493502,2256430.695
110_190℃_280_2.0mm.csv,2,148.68,21.62840704,4927.264195,205.338631,2265055.809
111_190℃_320_2.0mm.csv,2,169.92,17.25386888,5654.281099,206.0668229,2107316.389
112_190℃_320_2.0mm.csv,2,169.92,23.5004398,4901.960784,206.0161648,2415997.525
113_190℃_320_2.0mm.csv,2,169.92,18.17723721,5570.291777,206.0020004,2172129.398
114_190℃_320_2.0mm.csv,2,169.92,21.60275853,5119.453925,206.1342657,2335608.826
115_190℃_320_2.0mm.csv,2,169.92,17.66445009,5594.033031,206.2214716,2129358.508
116_190℃_320_2.0mm.csv,2,169.92,22.15446172,5033.557047,206.2177097,2351571.707
117_190℃_320_2.0mm.csv,2,169.92,19.16639434,5376.344086,206.1001477,2203674.706
118_190℃_320_2.0mm.csv,2,169.92,18.91705503,5437.5971,206.0320394,2200772.27
119_190℃_320_2.0mm.csv,2,169.92,17.89920097,5564.387917,205.9926528,2143518.217
120_190℃_320_2.0mm.csv,2,169.92,21.63054695,5067.567568,206.0933292,2318349.39
001_210℃_003_2.0mm.csv,2,1.593,1062.197507,57.65302761,192.1332852,1471686.833
002_210℃_003_2.0mm.csv,2,1.593,1165.468234,55.31672778,192.3792288,1528264.931
003_210℃_003_2.0mm.csv,2,1.593,1194.245208,54.44589634,192.3636148,1537913.054
004_210℃_003_2.0mm.csv,2,1.593,1169.568191,54.80739117,192.3767599,1521775.458
005_210℃_003_2.0mm.csv,2,1.593,1178.543227,55.09266061,192.4271855,1536339.137
006_210℃_003_2.0mm.csv,2,1.593,1214.929122,53.93022969,192.4536434,1546674.264
007_210℃_003_2.0mm.csv,2,1.593,1188.355942,54.03346988,192.4240042,1523712.718
008_210℃_003_2.0mm.csv,2,1.593,1032.627136,57.8537897,192.6105935,1445514.416
009_210℃_003_2.0mm.csv,2,1.593,1151.780926,55.27246694,192.6607972,1514131.794
010_210℃_003_2.0mm.csv,2,1.593,1173.529669,54.39850793,192.5982735,1517172.814
011_210℃_005_2.0mm.csv,2,2.655,589.0289695,95.61796525,208.3089429,1385687.243
012_210℃_005_2.0mm.csv,2,2.655,598.3876609,94.75166041,208.3031704,1392296.965
013_210℃_005_2.0mm.csv,2,2.655,563.6765609,97.79814463,208.3996775,1364748.177
014_210℃_005_2.0mm.csv,2,2.655,583.7632802,95.27784835,208.333577,1373420.617
015_210℃_005_2.0mm.csv,2,2.655,632.4650265,91.75755034,208.2615183,1415639.519
016_210℃_005_2.0mm.csv,2,2.655,587.889699,95.14661641,208.2569944,1378884.875
017_210℃_005_2.0mm.csv,2,2.655,561.988206,97.26545131,208.2105842,1356613.608
018_210℃_005_2.0mm.csv,2,2.655,584.4433437,94.91954439,208.2512528,1370861.644
019_210℃_005_2.0mm.csv,2,2.655,581.8960909,95.78544061,208.2459737,1375401.37
020_210℃_005_2.0mm.csv,2,2.655,551.410628,98.07584532,208.2553859,1346523.143
021_210℃_010_2.0mm.csv,2,5.31,279.5311466,183.3772857,214.9678541,1297056.023
022_210℃_010_2.0mm.csv,2,5.31,245.9584167,195.0621412,215.1480949,1239605.325
023_210℃_010_2.0mm.csv,2,5.31,281.0053093,183.3164566,215.1945288,1301477.969
024_210℃_010_2.0mm.csv,2,5.31,278.4500982,184.3269433,215.1185399,1298204.092
025_210℃_010_2.0mm.csv,2,5.31,252.7479384,193.2064917,215.0700568,1254578.823
026_210℃_010_2.0mm.csv,2,5.31,258.0113426,193.1176546,215.0325362,1271994.382
027_210℃_010_2.0mm.csv,2,5.31,280.4603891,183.1853312,215.0861079,1299097.66
028_210℃_010_2.0mm.csv,2,5.31,250.0755926,193.0643916,214.9543932,1244929.638
029_210℃_010_2.0mm.csv,2,5.31,259.1738424,191.0515111,215.0477025,1266530.122
030_210℃_010_2.0mm.csv,2,5.31,246.1100791,194.711271,215.0581698,1238609.392
031_210℃_020_2.0mm.csv,2,10.62,115.2726368,400.4729395,215.9713296,1207874.847
032_210℃_020_2.0mm.csv,2,10.62,139.6207709,364.9508185,215.8732505,1291753.456
033_210℃_020_2.0mm.csv,2,10.62,127.0779795,383.113803,215.8541543,1252029.258
034_210℃_020_2.0mm.csv,2,10.62,120.3753155,391.3383773,215.8470797,1224406.956
035_210℃_020_2.0mm.csv,2,10.62,125.007451,387.6112075,215.8725688,1247955.311
036_210℃_020_2.0mm.csv,2,10.62,135.3718936,373.0017762,215.8424416,1283666.056
037_210℃_020_2.0mm.csv,2,10.62,123.1253004,385.5474774,215.7378217,1230740.338
038_210℃_020_2.0mm.csv,2,10.62,118.9111261,393.7450782,215.7920729,1219380.504
039_210℃_020_2.0mm.csv,2,10.62,131.7972636,376.1014399,215.8156076,1267472.206
040_210℃_020_2.0mm.csv,2,10.62,133.2669602,373.8783649,215.7904165,1271967.87
041_210℃_040_2.0mm.csv,2,21.24,76.4142531,757.7944573,216.1544661,1413365.949
042_210℃_040_2.0mm.csv,2,21.24,77.75260101,741.8397626,216.2629758,1409426.439
043_210℃_040_2.0mm.csv,2,21.24,76.89752315,753.6065456,216.3045587,1414169.094
044_210℃_040_2.0mm.csv,2,21.24,73.28505356,766.4793051,216.2586243,1383025.839
045_210℃_040_2.0mm.csv,2,21.24,72.79290176,769.0054197,216.1644321,1379676.784
046_210℃_040_2.0mm.csv,2,21.24,70.21078845,784.6360783,216.170581,1364081.66
047_210℃_040_2.0mm.csv,2,21.24,75.09128904,762.6933973,216.193445,1402306.465
048_210℃_040_2.0mm.csv,2,21.24,70.08011939,778.2966422,216.2034866,1354517.499
049_210℃_040_2.0mm.csv,2,21.24,75.09463194,756.4841499,216.1491845,1394169.163
050_210℃_040_2.0mm.csv,2,21.24,72.46505897,764.0809198,216.1290163,1369000.604
051_210℃_080_2.0mm.csv,2,42.48,45.26000566,1506.672406,217.1357244,1593387.992
052_210℃_080_2.0mm.csv,2,42.48,42.62248174,1567.632129,217.2499431,1569294.693
053_210℃_080_2.0mm.csv,2,42.48,42.58895981,1578.235383,217.2335377,1576309.645
054_210℃_080_2.0mm.csv,2,42.48,43.60729804,1552.10643,217.2465801,1584606.639
055_210℃_080_2.0mm.csv,2,42.48,43.95553138,1548.444182,217.2012898,1591272.251
056_210℃_080_2.0mm.csv,2,42.48,44.4632658,1533.518329,217.1853628,1593415.562
057_210℃_080_2.0mm.csv,2,42.48,48.07641139,1464.63942,217.1958731,1632317.933
058_210℃_080_2.0mm.csv,2,42.48,44.4706604,1530.835399,217.2280865,1591401.582
059_210℃_080_2.0mm.csv,2,42.48,45.55358416,1519.976838,217.1609618,1611834.778
060_210℃_080_2.0mm.csv,2,42.48,43.15170882,1545.481307,217.1337128,1567137.996
061_210℃_120_2.0mm.csv,2,63.72,33.48290203,2281.121008,218.0551702,1736754.979
062_210℃_120_2.0mm.csv,2,63.72,33.70558387,2288.080192,218.3051752,1749642.489
063_210℃_120_2.0mm.csv,2,63.72,34.53903758,2259.522272,218.3457702,1765772.594
064_210℃_120_2.0mm.csv,2,63.72,31.28502009,2378.255946,218.3943153,1702140.032
065_210℃_120_2.0mm.csv,2,63.72,30.41748547,2395.072993,218.4045173,1675010.109
066_210℃_120_2.0mm.csv,2,63.72,35.00884829,2247.431507,218.3697113,1776966.449
067_210℃_120_2.0mm.csv,2,63.72,31.83955047,2335.92881,218.4201314,1701854.093
068_210℃_120_2.0mm.csv,2,63.72,32.03692779,2321.981424,218.3797334,1701894.155
069_210℃_120_2.0mm.csv,2,63.72,33.64854945,2277.163305,218.256288,1741041.349
070_210℃_120_2.0mm.csv,2,63.72,33.8713435,2278.151443,218.2425734,1750439.293
071_210℃_160_2.0mm.csv,2,84.96,23.25302438,3264.925373,219.3870493,1728851.549
072_210℃_160_2.0mm.csv,2,84.96,24.95421638,3155.048077,219.5236619,1777861.183
073_210℃_160_2.0mm.csv,2,84.96,25.83087814,3147.482014,219.4948998,1822896.631
074_210℃_160_2.0mm.csv,2,84.96,25.12849161,3130.59034,219.5332563,1776694.767
075_210℃_160_2.0mm.csv,2,84.96,28.59389258,2982.954545,219.4834551,1893086.331
076_210℃_160_2.0mm.csv,2,84.96,27.71820458,3036.437247,219.4645569,1873075.726
077_210℃_160_2.0mm.csv,2,84.96,28.74168437,2961.918195,219.42974,1890187.511
078_210℃_160_2.0mm.csv,2,84.96,24.71140136,3206.10687,219.4220662,1786818.253
079_210℃_160_2.0mm.csv,2,84.96,27.72367388,3012.912482,219.3823292,1861859.459
080_210℃_160_2.0mm.csv,2,84.96,28.28733673,2986.348123,219.3986576,1878538.445
081_210℃_200_2.0mm.csv,2,106.2,23.76044234,3767.491927,220.8808523,1966660.749
082_210℃_200_2.0mm.csv,2,106.2,21.03273297,3878.832656,220.9820798,1827701.815
083_210℃_200_2.0mm.csv,2,106.2,23.47977151,3800.217155,221.0618291,1962014.693
084_210℃_200_2.0mm.csv,2,106.2,23.94287464,3762.09244,221.0142705,1976549.977
085_210℃_200_2.0mm.csv,2,106.2,23.64215628,3698.485382,221.0224146,1930454.982
086_210℃_200_2.0mm.csv,2,106.2,21.55793033,3818.181818,220.9708437,1840902.964
087_210℃_200_2.0mm.csv,2,106.2,24.24631123,3744.650499,221.0051087,1988906.731
088_210℃_200_2.0mm.csv,2,106.2,21.16697077,3871.681416,220.996353,1834531.007
089_210℃_200_2.0mm.csv,2,106.2,23.20124977,3719.447396,220.9544736,1910296.692
090_210℃_200_2.0mm.csv,2,106.2,25.00369145,3664.921466,220.9090362,2003700.555
091_210℃_240_2.0mm.csv,2,127.44,21.74791826,4228.755538,222.1622759,2009431.785
092_210℃_240_2.0mm.csv,2,127.44,19.99319776,4398.826979,222.4014973,1939394.207
093_210℃_240_2.0mm.csv,2,127.44,21.86198686,4328.112119,222.4797307,2056125.054
094_210℃_240_2.0mm.csv,2,127.44,21.63435846,4385.964912,222.5255677,2060719.618
095_210℃_240_2.0mm.csv,2,127.44,21.85923591,4232.16445,222.3130976,2019007.802
096_210℃_240_2.0mm.csv,2,127.44,20.25359654,4364.089776,222.4339032,1947064.037
097_210℃_240_2.0mm.csv,2,127.44,21.73313568,4356.846473,222.4614274,2057265.758
098_210℃_240_2.0mm.csv,2,127.44,20.2019417,4456.706282,222.4135842,1976263.577
099_210℃_240_2.0mm.csv,2,127.44,20.94258887,4451.038576,222.4151704,2031470.867
100_210℃_240_2.0mm.csv,2,127.44,21.71630424,4373.177843,222.4250124,2062329.965
101_210℃_280_2.0mm.csv,2,148.68,19.72944712,4847.645429,223.3954196,2074255.35
102_210℃_280_2.0mm.csv,2,148.68,19.45377625,4829.806808,223.3318281,2044581.046
103_210℃_280_2.0mm.csv,2,148.68,18.59484509,4985.754986,223.3609512,2022602.974
104_210℃_280_2.0mm.csv,2,148.68,18.89286943,4955.167532,223.3395509,2038839.761
105_210℃_280_2.0mm.csv,2,148.68,18.40635801,5028.735632,223.3792162,2020130.392
106_210℃_280_2.0mm.csv,2,148.68,19.57658726,4920.337395,223.4289061,2086433.234
107_210℃_280_2.0mm.csv,2,148.68,19.80290583,4805.491991,223.4363368,2065682.9
108_210℃_280_2.0mm.csv,2,148.68,19.87653254,4881.450488,223.3821868,2098135.754
109_210℃_280_2.0mm.csv,2,148.68,19.81598606,4904.25035,223.4141952,2101155.842
110_210℃_280_2.0mm.csv,2,148.68,17.80927578,5062.68081,223.409205,1978299.207
111_210℃_320_2.0mm.csv,2,169.92,15.1860123,5725.19084,223.8101619,1922047
112_210℃_320_2.0mm.csv,2,169.92,20.63017584,4990.494297,224.0106788,2201990.728
113_210℃_320_2.0mm.csv,2,169.92,20.82398318,4964.539007,224.1039635,2209410.523
114_210℃_320_2.0mm.csv,2,169.92,20.21066335,5021.520803,224.1315162,2176045.006
115_210℃_320_2.0mm.csv,2,169.92,15.84036493,5630.02681,224.1336666,1961055.651
116_210℃_320_2.0mm.csv,2,169.92,21.39739439,4890.544946,224.1173372,2231746.229
117_210℃_320_2.0mm.csv,2,169.92,15.27683962,5766.062603,224.0154867,1941804.331
118_210℃_320_2.0mm.csv,2,169.92,20.37173875,5028.735632,224.0091943,2193238.218
119_210℃_320_2.0mm.csv,2,169.92,20.48629126,5014.326648,223.9341734,2198353.265
120_210℃_320_2.0mm.csv,2,169.92,15.95107512,5709.624796,223.9383869,1993839.495
001_230℃_003_2.0mm.csv,2,1.593,955.5956525,57.34445998,208.8728503,1358969.459
002_230℃_003_2.0mm.csv,2,1.593,939.3917351,57.78120185,209.0948876,1349893.07
003_230℃_003_2.0mm.csv,2,1.593,950.8426252,57.69357568,209.1977334,1360007.952
004_230℃_003_2.0mm.csv,2,1.593,859.0715531,60.43513296,209.2609104,1308586.403
005_230℃_003_2.0mm.csv,2,1.593,970.438739,56.55864863,209.4230915,1360549.216
006_230℃_003_2.0mm.csv,2,1.593,958.7997941,57.61633011,209.5938558,1366776.418
007_230℃_003_2.0mm.csv,2,1.593,933.2773444,57.86271657,209.5289214,1345063.943
008_230℃_003_2.0mm.csv,2,1.593,908.0695169,59.02192243,209.6233319,1337996.042
009_230℃_003_2.0mm.csv,2,1.593,958.949908,56.83786593,209.67281,1353939.14
010_230℃_003_2.0mm.csv,2,1.593,944.7806365,57.58220545,209.6984156,1352077.971
011_230℃_005_2.0mm.csv,2,2.655,507.3626732,95.5518346,227.2673697,1248414.945
012_230℃_005_2.0mm.csv,2,2.655,490.2392747,99.277637,227.3149851,1251763.051
013_230℃_005_2.0mm.csv,2,2.655,484.0719833,99.75299259,227.3026029,1245041.783
014_230℃_005_2.0mm.csv,2,2.655,461.2813094,101.8744906,227.2420714,1222442.915
015_230℃_005_2.0mm.csv,2,2.655,485.6304342,98.98190045,227.2971696,1241233.957
016_230℃_005_2.0mm.csv,2,2.655,509.4161586,97.10354012,227.3559401,1265709.879
017_230℃_005_2.0mm.csv,2,2.655,471.7086428,99.04912837,227.3051589,1217679.522
018_230℃_005_2.0mm.csv,2,2.655,497.7481898,98.22998915,227.2105316,1255665.487
019_230℃_005_2.0mm.csv,2,2.655,460.8189709,101.9100862,227.129566,1221855.089
020_230℃_005_2.0mm.csv,2,2.655,488.5079872,99.665882,227.2335597,1252084.422
021_230℃_010_2.0mm.csv,2,5.31,234.5896605,192.399311,234.656742,1189880.249
022_230℃_010_2.0mm.csv,2,5.31,224.1609721,193.3879731,234.6867954,1158628.181
023_230℃_010_2.0mm.csv,2,5.31,225.5717642,194.7473848,234.5794277,1168778.759
024_230℃_010_2.0mm.csv,2,5.31,208.1753991,200.4543632,234.6183208,1130280.801
025_230℃_010_2.0mm.csv,2,5.31,232.9975577,192.2091235,234.5687691,1183730.538
026_230℃_010_2.0mm.csv,2,5.31,213.2500925,198.7206177,234.4770143,1141618.406
027_230℃_010_2.0mm.csv,2,5.31,226.6681722,194.1927131,234.5514143,1170316.445
028_230℃_010_2.0mm.csv,2,5.31,221.9054223,193.8127584,234.6159258,1152656.304
029_230℃_010_2.0mm.csv,2,5.31,218.3387864,195.5780729,234.5327946,1147322.783
030_230℃_010_2.0mm.csv,2,5.31,229.5561565,193.5697957,234.555713,1177634.955
031_230℃_020_2.0mm.csv,2,10.62,126.7399521,361.6823396,235.5535255,1202200.133
032_230℃_020_2.0mm.csv,2,10.62,113.7812369,379.1161179,235.5347948,1154913.562
033_230℃_020_2.0mm.csv,2,10.62,107.9843052,387.5968992,235.6426835,1132465.261
034_230℃_020_2.0mm.csv,2,10.62,120.2731751,369.8745949,235.5224541,1178521.903
035_230℃_020_2.0mm.csv,2,10.62,115.7519485,374.251497,235.5826329,1158111.08
036_230℃_020_2.0mm.csv,2,10.62,108.3386285,386.9826411,235.533018,1133703.86
037_230℃_020_2.0mm.csv,2,10.62,106.5871563,390.204021,235.5449228,1127847.751
038_230℃_020_2.0mm.csv,2,10.62,110.1532459,385.4908584,235.5386084,1143106.034
039_230℃_020_2.0mm.csv,2,10.62,116.4630324,371.7603739,235.4977338,1157714.038
040_230℃_020_2.0mm.csv,2,10.62,112.1316843,380.0492254,235.4836847,1145772.358
041_230℃_040_2.0mm.csv,2,21.24,69.26543374,741.7349534,235.884782,1299097.706
042_230℃_040_2.0mm.csv,2,21.24,61.84171848,780.0312012,236.1116558,1244211.118
043_230℃_040_2.0mm.csv,2,21.24,66.20027519,758.9995663,236.129062,1279317.121
044_230℃_040_2.0mm.csv,2,21.24,63.93496996,754.9611734,236.1788343,1244734.51
045_230℃_040_2.0mm.csv,2,21.24,63.77398065,760.9247047,236.0900465,1249250.988
046_230℃_040_2.0mm.csv,2,21.24,64.083881,757.1933367,236.0234701,1249235.759
047_230℃_040_2.0mm.csv,2,21.24,70.87909047,736.5836549,235.9889031,1313693.424
048_230℃_040_2.0mm.csv,2,21.24,65.93288716,756.6476904,236.0034639,1273084.045
049_230℃_040_2.0mm.csv,2,21.24,66.90408966,742.9420505,235.9236335,1269922.552
050_230℃_040_2.0mm.csv,2,21.24,61.94098154,781.308133,235.9433161,1246940.95
051_230℃_080_2.0mm.csv,2,42.48,41.05181089,1507.104923,237.138405,1482778.752
052_230℃_080_2.0mm.csv,2,42.48,39.08081697,1542.983101,237.1278459,1455280.581
053_230℃_080_2.0mm.csv,2,42.48,35.9230554,1596.472556,237.2362973,1403772.613
054_230℃_080_2.0mm.csv,2,42.48,39.60568495,1509.271238,237.2337328,1446151.258
055_230℃_080_2.0mm.csv,2,42.48,37.34646755,1591.63256,237.1907299,1440395.585
056_230℃_080_2.0mm.csv,2,42.48,39.03718235,1548.215866,237.1412318,1457700.539
057_230℃_080_2.0mm.csv,2,42.48,40.61048823,1506.456241,237.1314637,1470614.684
058_230℃_080_2.0mm.csv,2,42.48,38.42549386,1557.863501,237.0906015,1447599.258
059_230℃_080_2.0mm.csv,2,42.48,38.31975681,1544.117647,237.0543622,1435574.331
060_230℃_080_2.0mm.csv,2,42.48,38.37631853,1553.484243,237.090795,1443430.888
061_230℃_120_2.0mm.csv,2,63.72,29.21734295,2331.778814,238.1710811,1592476.308
062_230℃_120_2.0mm.csv,2,63.72,29.45372391,2303.136653,238.2478787,1587150.74
063_230℃_120_2.0mm.csv,2,63.72,28.69611413,2342.181575,238.2878201,1576325.848
064_230℃_120_2.0mm.csv,2,63.72,31.63550588,2227.407722,238.2264787,1633248.278
065_230℃_120_2.0mm.csv,2,63.72,27.11715776,2387.991813,238.2742588,1533480.258
066_230℃_120_2.0mm.csv,2,63.72,26.29480275,2430.555556,238.1886209,1518471.397
067_230℃_120_2.0mm.csv,2,63.72,27.47384982,2399.451554,238.1647806,1553755.807
068_230℃_120_2.0mm.csv,2,63.72,30.07810292,2286.585366,238.1857877,1603874.947
069_230℃_120_2.0mm.csv,2,63.72,29.65223766,2305.665349,238.1223824,1596655.148
070_230℃_120_2.0mm.csv,2,63.72,30.26688076,2274.204029,238.1720808,1604736.29
071_230℃_160_2.0mm.csv,2,84.96,24.12731609,3033.805259,239.1333203,1681211.535
072_230℃_160_2.0mm.csv,2,84.96,21.91633471,3211.009174,239.3017608,1631959.742
073_230℃_160_2.0mm.csv,2,84.96,21.49174637,3205.128205,239.308239,1605668.526
074_230℃_160_2.0mm.csv,2,84.96,24.96287997,3020.713464,239.2937812,1719637.112
075_230℃_160_2.0mm.csv,2,84.96,25.36407033,2966.101695,239.2408235,1716759.114
076_230℃_160_2.0mm.csv,2,84.96,21.03658638,3301.886792,239.223141,1615860.589
077_230℃_160_2.0mm.csv,2,84.96,24.77902083,2994.865944,239.160083,1698850.468
078_230℃_160_2.0mm.csv,2,84.96,26.13949477,2961.08291,239.1811791,1754763.714
079_230℃_160_2.0mm.csv,2,84.96,25.05269196,3012.912482,239.1743817,1720983.644
080_230℃_160_2.0mm.csv,2,84.96,21.96277607,3225.806452,239.2249136,1640230.15
081_230℃_200_2.0mm.csv,2,106.2,20.06234839,3762.09244,240.2907784,1721288.762
082_230℃_200_2.0mm.csv,2,106.2,18.79710554,3846.153846,240.3675581,1665209.519
083_230℃_200_2.0mm.csv,2,106.2,20.21124275,3776.978417,240.2501877,1736188.427
084_230℃_200_2.0mm.csv,2,106.2,22.06359931,3664.921466,240.2722026,1815280.707
085_230℃_200_2.0mm.csv,2,106.2,19.15604307,3837.719298,240.2780973,1686648.106
086_230℃_200_2.0mm.csv,2,106.2,20.11830537,3841.931943,240.2242141,1752699.311
087_230℃_200_2.0mm.csv,2,106.2,21.82502086,3673.897831,240.1991082,1803245.372
088_230℃_200_2.0mm.csv,2,106.2,22.13759312,3703.703704,240.198796,1835127.976
089_230℃_200_2.0mm.csv,2,106.2,21.48839048,3759.398496,240.2093992,1814156.103
090_230℃_200_2.0mm.csv,2,106.2,21.50951281,3688.092729,240.2638988,1788529.526
091_230℃_240_2.0mm.csv,2,127.44,19.21395102,4252.7339,241.4083856,1829976.339
092_230℃_240_2.0mm.csv,2,127.44,18.10070672,4391.468005,241.5250462,1791096.536
093_230℃_240_2.0mm.csv,2,127.44,18.61970514,4462.38844,241.4405449,1854183.348
094_230℃_240_2.0mm.csv,2,127.44,19.53164459,4233.870968,241.4018604,1847604.953
095_230℃_240_2.0mm.csv,2,127.44,19.33241803,4278.728606,241.4149114,1847882.709
096_230℃_240_2.0mm.csv,2,127.44,17.90695837,4380.475594,241.3988031,1773045.885
097_230℃_240_2.0mm.csv,2,127.44,18.93193258,4419.191919,241.4359928,1864353.267
098_230℃_240_2.0mm.csv,2,127.44,18.77750038,4328.112119,241.4031276,1822695.38
099_230℃_240_2.0mm.csv,2,127.44,18.50215666,4324.546952,241.4603076,1800366.847
100_230℃_240_2.0mm.csv,2,127.44,18.91133662,4413.619168,241.4196268,1860890.125
101_230℃_280_2.0mm.csv,2,148.68,17.43096349,4931.892907,242.4443481,1905006.402
102_230℃_280_2.0mm.csv,2,148.68,17.55441279,4876.915931,242.3844923,1898346.522
103_230℃_280_2.0mm.csv,2,148.68,17.03928577,5031.145184,242.381611,1900284.858
104_230℃_280_2.0mm.csv,2,148.68,17.01091566,5038.387716,242.3653139,1899937.626
105_230℃_280_2.0mm.csv,2,148.68,17.71087513,4790.145985,242.3560455,1885181.305
106_230℃_280_2.0mm.csv,2,148.68,17.29033621,4856.614246,242.3483779,1870093.653
107_230℃_280_2.0mm.csv,2,148.68,17.65615145,4801.097394,242.3545081,1883513.878
108_230℃_280_2.0mm.csv,2,148.68,17.28963047,4843.173432,242.3322495,1865963.921
109_230℃_280_2.0mm.csv,2,148.68,16.84214877,5038.387716,242.2960826,1885495.538
110_230℃_280_2.0mm.csv,2,148.68,17.56463963,4838.709677,242.2718143,1887849.724
111_230℃_320_2.0mm.csv,2,169.92,18.12253142,5026.328387,242.9999036,1994324.74
112_230℃_320_2.0mm.csv,2,169.92,14.67005757,5591.054313,242.9813188,1835828.522
113_230℃_320_2.0mm.csv,2,169.92,17.35869384,5142.01763,242.9409342,1962189.454
114_230℃_320_2.0mm.csv,2,169.92,13.55756228,5766.062603,242.9471027,1768103.186
115_230℃_320_2.0mm.csv,2,169.92,18.59420495,4966.887417,242.897734,2016433.484
116_230℃_320_2.0mm.csv,2,169.92,15.13707044,5520.504732,242.9044355,1862607.548
117_230℃_320_2.0mm.csv,2,169.92,13.29107312,5788.31312,242.9496501,1746528.45
118_230℃_320_2.0mm.csv,2,169.92,14.22702316,5666.486778,242.9824176,1811295.696
119_230℃_320_2.0mm.csv,2,169.92,17.84944906,5099.562895,242.8936073,1993645.975
120_230℃_320_2.0mm.csv,2,169.92,14.68559845,5594.033031,242.8792533,1837818.269
